DISTANCE_IN_METERS,DURATION_IN_SEC,NDT_IN_KMH,ORGANISATION,POINT_1_CITY,POINT_1_COUNTRY,POINT_1_LAT,POINT_1_LNG,POINT_1_NAME,POINT_1_POSTAL_CODE,POINT_1_STREET,POINT_1_STREET_NUMBER,POINT_2_CITY,POINT_2_COUNTRY,POINT_2_LAT,POINT_2_LNG,POINT_2_NAME,POINT_2_POSTAL_CODE,POINT_2_STREET,POINT_2_STREET_NUMBER,RBA_ID,REPORT_ID,REPORT_NAME,ROAD_TYPE,_id
810,49,60,COWI,,Denmark,56.16389697427008,10.18616224669654,3193,,,,,Denmark,56.16929516572502,10.194526468751974,3192,,,,182224,180952,AAR_BT_0145 3193 3192,MAJOR_ROAD,79
1471,82,65,BLIP Systems A/S,Aarhus,Denmark,56.17124851709378,10.156836627140033,Viborgvej,8210,Åby Ringvej,100,Aarhus,Denmark,56.17636991803806,10.178543744697558,Paludan Müllers Vej,8210,Hasle Ringvej,60,1811,1164,Viborgvej->Paludan Müllers vej,STREET,450
600,36,60,COWI,,Denmark,56.1589844936963,10.182944170639075,3185,,,,,Denmark,56.16389697427008,10.18616224669654,3193,,,,182228,181006,AAR_BT_0147 3185 3193,MAJOR_ROAD,81
1540,86,64,COWI,,Denmark,56.148242094184255,10.149874309192683,2653,,,,,Denmark,56.154610138216704,10.157440224536913,3199,,,,189676,187165,AAR_BT_0218 2653 3199,MAJOR_ROAD,152
540,32,61,COWI,Aarhus,Denmark,56.13236396838821,10.211722754631069,4376,8000,Strandvejen,122,Aarhus,Denmark,56.136738858609256,10.20776318039134,4375,8000,Strandvejen,94,229497,201345,AAR_BT_0436 4376 4375,MAJOR_ROAD,357
1075,65,60,COWI,Højbjerg,Denmark,56.105069529457616,10.206927436840033,4372,8270,Oddervej,172,Højbjerg,Denmark,56.114487000000004,10.207854230653766,4379,8270,Oddervej,89,229509,201507,AAR_BT_0442 4372 4379,MAJOR_ROAD,363
2905,136,77,COWI,Hasselager,Denmark,56.11067162844458,10.12228671163939,4562,8361,Møllebakken,15,Hasselager,Denmark,56.11996007421442,10.083678288360602,4549,8361,Genvejen,,229525,201722,AAR_BT_0450 4562 4549,MAJOR_ROAD,371
1215,62,71,COWI,Aarhus,Denmark,56.125829583613914,10.157709017196566,3986,8260,Skanderborgvej,224B,Aarhus,Denmark,56.11814500000001,10.148131067458962,4334,8260,Ringvej Syd,100,229541,201934,AAR_BT_0458 3986 4334,MAJOR_ROAD,379
2335,75,112,COWI,Hinnerup,Denmark,56.23489759702643,10.125013142824173,4323,8382,Nordjyske Motorvej,,Tilst,Denmark,56.21740644105506,10.10702759027481,4321,8381,Østjyske Motorvej,,159703,158475,AAR_BT_0006 4323 4321,MAJOR_ROAD,6
2065,106,70,COWI,Aarhus,Denmark,56.21508593264829,10.13978019262504,4364,8200,Søftenvej,,Hinnerup,Denmark,56.22579478256016,10.116589665412903,4322,8382,Stenhøjvej,5,159780,158505,AAR_BT_0007 4364 4322,MAJOR_ROAD,7
3255,108,109,COWI,Hinnerup,Denmark,56.23489759702643,10.125013142824173,4323,8382,Nordjyske Motorvej,,Aarhus,Denmark,56.21385651069573,10.144907008598352,4326,8200,15,,159874,158536,AAR_BT_0008 4323 4326,MAJOR_ROAD,8
3030,101,108,COWI,Aarhus,Denmark,56.21399075104399,10.145073305557275,4326,8200,15,,Hinnerup,Denmark,56.23490211108693,10.12519614484404,4323,8382,Nordjyske Motorvej,,159952,158565,AAR_BT_0009 4326 4323,MAJOR_ROAD,9
2850,93,110,COWI,Tilst,Denmark,56.21731711429131,10.10711200000003,4321,8381,Østjyske Motorvej,,Aarhus,Denmark,56.21385651069573,10.144907008598352,4326,8200,15,,160088,158595,AAR_BT_0010 4321 4326,MAJOR_ROAD,10
3655,122,108,COWI,Aarhus,Denmark,56.21399075104399,10.145073305557275,4326,8200,15,,Tilst,Denmark,56.21740644105506,10.10702759027481,4321,8381,Østjyske Motorvej,,160378,158624,AAR_BT_0011 4326 4321,MAJOR_ROAD,11
6715,219,110,COWI,Aarhus,Denmark,56.21385651069573,10.144907008598352,4326,8200,15,,Lystrup,Denmark,56.22521120818609,10.246299305557386,4327,8520,Djurslandmotorvejen,,160456,158655,AAR_BT_0012 4326 4327,MAJOR_ROAD,12
6695,219,110,COWI,Lystrup,Denmark,56.22537224883195,10.246154466270468,4327,8520,Djurslandmotorvejen,,Aarhus,Denmark,56.21399075104399,10.145073305557275,4326,8200,15,,160779,158684,AAR_BT_0013 4327 4326,MAJOR_ROAD,13
1175,41,103,COWI,Aarhus,Denmark,56.21385651069573,10.144907008598352,4326,8200,15,,Aarhus,Denmark,56.20852026816215,10.161038385250095,4349,8200,Søftenvej,,160818,158715,AAR_BT_0014 4326 4349,MAJOR_ROAD,14
600,40,54,COWI,Risskov,Denmark,56.190387445286476,10.223110775463056,4351,8240,Vestre Strandalle,69-71,Risskov,Denmark,56.18655111946821,10.218124775463139,4582,8240,Grenåvej,125,229122,193159,AAR_BT_0339 4351 4582,MAJOR_ROAD,260
650,45,52,COWI,,Denmark,56.159418709313904,10.187763760747885,3156,,,,,Denmark,56.162446952950255,10.17839594725615,3157,,,,183589,182846,AAR_BT_0167 3156 3157,MAJOR_ROAD,101
1160,67,62,COWI,,Denmark,56.153135887760996,10.139060373016491,3200,,,,,Denmark,56.154610138216704,10.157440224536913,3199,,,,183603,183037,AAR_BT_0174 3200 3199,MAJOR_ROAD,108
720,48,54,COWI,,Denmark,56.15591411050229,10.176133542327875,3198,,,,,Denmark,56.1589844936963,10.182944170639075,3185,,,,189750,188145,AAR_BT_0255 3198 3185,MAJOR_ROAD,189
2285,103,80,COWI,Ega,Denmark,56.21155278296297,10.27770202943043,4353,8250,Grenåvej,,Ega,Denmark,56.229971546821645,10.293955058860774,4357,8250,Bredevej,2,192370,190447,AAR_BT_0280 4353 4357,MAJOR_ROAD,213
555,30,67,COWI,Ega,Denmark,56.2107989833621,10.269519082174156,4356,8250,Mejlbyvej,4,Ega,Denmark,56.207098572394976,10.267205839286817,4569,8250,Grenåvej,,229094,192787,AAR_BT_0323 4356 4569,MAJOR_ROAD,246
640,33,70,COWI,,Denmark,56.17312782176926,10.161757688325906,2656,,,,,Denmark,56.17267848588397,10.153508571758266,3159,,,,186247,185290,AAR_BT_0204 2656 3159,MAJOR_ROAD,138
1095,56,70,COWI,Aarhus,Denmark,56.17941549701764,10.130153804893553,4342,8210,Viborgvej,322,Tilst,Denmark,56.182637286706964,10.113531440475526,4335,8381,Langørvej,36,229140,193402,AAR_BT_0348 4342 4335,MAJOR_ROAD,269
2050,100,74,COWI,,Denmark,56.0855852379219,10.124126151537894,4555,,,,Tranbjerg,Denmark,56.10097260933967,10.140579996364522,4558,8310,Landevejen,,229455,197951,AAR_BT_0415 4555 4558,MAJOR_ROAD,336
1325,95,50,COWI,Højbjerg,Denmark,56.11692219631463,10.202164315973278,4368,8270,Rosenvangs Alle,233,Højbjerg,Denmark,56.12391430736949,10.185914784061424,4568,8270,Rosenvangs Alle,118,229489,201237,AAR_BT_0432 4368 4568,MAJOR_ROAD,353
1075,65,60,COWI,Højbjerg,Denmark,56.114487000000004,10.207854230653766,4379,8270,Oddervej,89,Højbjerg,Denmark,56.105069529457616,10.206927436840033,4372,8270,Oddervej,172,229507,201481,AAR_BT_0441 4379 4372,MAJOR_ROAD,362
530,32,60,COWI,,Denmark,56.1589844936963,10.182944170639075,3185,,,,,Denmark,56.162446952950255,10.17839594725615,3157,,,,189740,188013,AAR_BT_0250 3185 3157,MAJOR_ROAD,184
1490,105,51,COWI,Aarhus,Denmark,56.161017815103236,10.21197608217426,4374,8000,Nørreport,20,,Denmark,56.14892750591274,10.209599775463175,4552,,,,192344,190100,AAR_BT_0266 4374 4552,MAJOR_ROAD,200
1315,59,80,COWI,Tilst,Denmark,56.18959388227456,10.07666460978703,4333,8381,Viborgvej,,Tilst,Denmark,56.18546282170713,10.096344851520598,4347,8381,Tilst Parkvej,11,229130,193268,AAR_BT_0343 4333 4347,MAJOR_ROAD,264
2050,100,74,COWI,Tranbjerg,Denmark,56.10097260933967,10.140579996364522,4558,8310,Landevejen,,,Denmark,56.085683261757154,10.12394711408615,4555,,,,229457,197977,AAR_BT_0416 4558 4555,MAJOR_ROAD,337
800,48,60,COWI,,Denmark,56.17243586196818,10.209219127208598,3183,,,,Aarhus,Denmark,56.17606861552515,10.201770887067823,3977,8200,Randersvej,54,189708,187589,AAR_BT_0234 3183 3977,MAJOR_ROAD,168
515,35,53,COWI,,Denmark,56.1589844936963,10.182944170639075,3185,,,,,Denmark,56.159418709313904,10.187763760747885,3156,,,,189744,188066,AAR_BT_0252 3185 3156,MAJOR_ROAD,186
575,30,69,COWI,Ega,Denmark,56.206985193530365,10.267323856483472,4569,8250,Grenåvej,,Ega,Denmark,56.210806441766366,10.269670626983498,4356,8250,Mejlbyvej,4,229096,192813,AAR_BT_0324 4569 4356,MAJOR_ROAD,247
1220,47,93,COWI,Aarhus,Denmark,56.208646307573304,10.161157250404358,4349,8200,Søftenvej,,Aarhus,Denmark,56.21399075104399,10.145073305557275,4326,8200,15,,160867,158744,AAR_BT_0015 4349 4326,MAJOR_ROAD,15
1585,89,64,COWI,,Denmark,56.154610138216704,10.157440224536913,3199,,,,,Denmark,56.148158423711955,10.149694601188685,2653,,,,189678,187191,AAR_BT_0219 3199 2653,MAJOR_ROAD,153
725,48,54,COWI,,Denmark,56.163969409207326,10.185844404928275,3193,,,,,Denmark,56.159418709313904,10.187763760747885,3156,,,,189736,187960,AAR_BT_0248 3193 3156,MAJOR_ROAD,182
2280,132,62,COWI,Risskov,Denmark,56.210237386910975,10.21333293005955,4358,8240,Sindalsvej,40,Aarhus,Denmark,56.2049938543326,10.17926542270186,4365,8200,Skejby Nordlandsvej,311,229072,192492,AAR_BT_0302 4358 4365,MAJOR_ROAD,235
1195,61,71,COWI,Aarhus,Denmark,56.118198830180894,10.148353690807198,4334,8260,Ringvej Syd,100,Aarhus,Denmark,56.125743621869944,10.15788067857352,3986,8260,Skanderborgvej,224B,229539,201908,AAR_BT_0457 4334 3986,MAJOR_ROAD,378
1230,89,50,COWI,Aarhus,Denmark,56.14774074192765,10.158060728836062,3984,8230,Anker Jensens Vej,12,Odder,Denmark,56.151949698562795,10.17614185152047,3985,8300,Rypevej,11,186207,184758,AAR_BT_0184 3984 3985,MAJOR_ROAD,118
490,25,71,COWI,,Denmark,56.18461478101305,10.195804343585905,3155,,,,,Denmark,56.18324423193787,10.200790644180302,2660,,,,186225,184998,AAR_BT_0193 3155 2660,MAJOR_ROAD,127
740,53,50,COWI,Aarhus,Denmark,56.179322409643085,10.175338207340246,4363,8200,Paludan-Müllers Vej,231,Aarhus,Denmark,56.17389164456407,10.182183959489976,3983,8200,Paludan-Müllers Vej,48,229126,193213,AAR_BT_0341 4363 3983,MAJOR_ROAD,262
665,40,60,COWI,Højbjerg,Denmark,56.105069529457616,10.206927436840033,4372,8270,Oddervej,172,Højbjerg,Denmark,56.09926842434083,10.209020390213027,4369,8270,Oddervej,206,229511,201535,AAR_BT_0443 4372 4369,MAJOR_ROAD,364
664,40,60,COWI,Højbjerg,Denmark,56.09926842434083,10.209020390213027,4369,8270,Oddervej,206,Højbjerg,Denmark,56.105069529457616,10.206927436840033,4372,8270,Oddervej,172,229513,201561,AAR_BT_0444 4369 4372,MAJOR_ROAD,365
2935,139,76,COWI,Hasselager,Denmark,56.11996007421442,10.083678288360602,4549,8361,Genvejen,,Hasselager,Denmark,56.110590119560015,10.122408752149568,4562,8361,Møllebakken,15,229523,201696,AAR_BT_0449 4549 4562,MAJOR_ROAD,370
775,44,63,COWI,Aarhus,Denmark,56.124304277059785,10.141663381614649,4579,8260,Ravnsbjergvej,,Aarhus,Denmark,56.11919616177176,10.142859364417973,4559,8260,Søren Lofts Vej,4,229527,201749,AAR_BT_0451 4579 4559,MAJOR_ROAD,372
490,27,65,COWI,,Denmark,56.1833360361296,10.200700790178303,2660,,,,,Denmark,56.18028339302693,10.198778699405693,3154,,,,186227,185025,AAR_BT_0194 2660 3154,MAJOR_ROAD,128
460,26,64,COWI,,Denmark,56.1803125039424,10.19893292642405,3154,,,,,Denmark,56.18324423193787,10.200790644180302,2660,,,,186229,185051,AAR_BT_0195 3154 2660,MAJOR_ROAD,129
960,58,60,COWI,Aarhus,Denmark,56.12437832738177,10.180056017196648,4553,8260,Jyllands Alle,158,Højbjerg,Denmark,56.12004117576438,10.167441665012348,4563,8270,Christian X's Vej,169,229473,198193,AAR_BT_0424 4553 4563,MAJOR_ROAD,345
790,47,61,COWI,Højbjerg,Denmark,56.12994000000001,10.187329678573633,4548,8270,Jyllands Alle,114,Aarhus,Denmark,56.12437832738177,10.180056017196648,4553,8260,Jyllands Alle,158,229477,198247,AAR_BT_0426 4548 4553,MAJOR_ROAD,347
540,32,61,COWI,Aarhus,Denmark,56.136738858609256,10.20776318039134,4375,8000,Strandvejen,94,Aarhus,Denmark,56.13236396838821,10.211722754631069,4376,8000,Strandvejen,122,229495,201319,AAR_BT_0435 4375 4376,MAJOR_ROAD,356
1710,103,60,COWI,Aarhus,Denmark,56.13236396838821,10.211722754631069,4376,8000,Strandvejen,122,Højbjerg,Denmark,56.117828971777826,10.207113017196662,4377,8270,Oddervej,51,229499,201373,AAR_BT_0437 4376 4377,MAJOR_ROAD,358
1135,61,67,COWI,Højbjerg,Denmark,56.1102508220387,10.153714822090137,4550,8270,Christian X's Vej,,Aarhus,Denmark,56.118198830180894,10.148353690807198,4334,8260,Ringvej Syd,100,229545,203530,AAR_BT_0460 4550 4334,MAJOR_ROAD,381
1940,109,64,COWI,Aarhus,Denmark,56.11814500000001,10.148131067458962,4334,8260,Ringvej Syd,100,Højbjerg,Denmark,56.12004117576438,10.167441665012348,4563,8270,Christian X's Vej,169,229547,203557,AAR_BT_0461 4334 4563,MAJOR_ROAD,382
2643,106,90,COWI,Aarhus,Denmark,56.21399075104399,10.145073305557275,4326,8200,15,,Hinnerup,Denmark,56.22579478256016,10.116589665412903,4322,8382,Stenhøjvej,5,172300,172156,AAR_BT_0026 4326 4322,MAJOR_ROAD,26
555,29,69,COWI,,Denmark,56.181353258286634,10.192906008598356,2659,,,,,Denmark,56.184659561973874,10.19604842460626,3155,,,,186231,185078,AAR_BT_0196 2659 3155,MAJOR_ROAD,130
835,38,79,COWI,Ega,Denmark,56.21163929866206,10.277436490737955,4353,8250,Grenåvej,,Ega,Denmark,56.207098572394976,10.267205839286817,4569,8250,Grenåvej,,192372,190475,AAR_BT_0281 4353 4569,MAJOR_ROAD,214
1125,57,71,COWI,Risskov,Denmark,56.20913963031665,10.246642527612721,4354,8240,Viengevej,,Ega,Denmark,56.20482701617347,10.259584355819698,4578,8250,Grenåvej,402,229098,192840,AAR_BT_0325 4354 4578,MAJOR_ROAD,248
940,54,63,COWI,Risskov,Denmark,56.205074,10.236217525131224,4340,8240,Lystrupvej,42,Risskov,Denmark,56.20043625463636,10.241989084655756,4567,8240,Grenåvej,,229102,192893,AAR_BT_0329 4340 4567,MAJOR_ROAD,250
1905,107,64,COWI,Højbjerg,Denmark,56.12004117576438,10.167441665012348,4563,8270,Christian X's Vej,169,Aarhus,Denmark,56.118198830180894,10.148353690807198,4334,8260,Ringvej Syd,100,229549,203583,AAR_BT_0462 4563 4334,MAJOR_ROAD,383
735,40,66,COWI,Højbjerg,Denmark,56.1102508220387,10.153714822090137,4550,8270,Christian X's Vej,,Højbjerg,Denmark,56.10986429894997,10.162728804893504,4557,8270,Ringvej Syd,,229551,203610,AAR_BT_0463 4550 4557,MAJOR_ROAD,384
765,42,66,COWI,Højbjerg,Denmark,56.10986429894997,10.162728804893504,4557,8270,Ringvej Syd,,Højbjerg,Denmark,56.110288211786354,10.153642402446735,4550,8270,Christian X's Vej,,229553,203636,AAR_BT_0464 4557 4550,MAJOR_ROAD,385
1530,88,63,COWI,Højbjerg,Denmark,56.10986429894997,10.162728804893504,4557,8270,Ringvej Syd,,Højbjerg,Denmark,56.12004117576438,10.167441665012348,4563,8270,Christian X's Vej,169,229555,203663,AAR_BT_0465 4557 4563,MAJOR_ROAD,386
470,34,50,COWI,,Denmark,56.144719132186395,10.20872971106246,3190,,,,,Denmark,56.14892750591274,10.209599775463175,4552,,,,180143,179009,AAR_BT_0113 3190 4552,MAJOR_ROAD,47
530,27,71,COWI,,Denmark,56.18461478101305,10.195804343585905,3155,,,,,Denmark,56.181459995226994,10.192792014715224,2659,,,,186233,185104,AAR_BT_0197 3155 2659,MAJOR_ROAD,131
585,35,60,COWI,,Denmark,56.171122550932225,10.201447428241636,3191,,,,,Denmark,56.16813760017301,10.20690854480938,4331,,,,189720,187748,AAR_BT_0240 3191 4331,MAJOR_ROAD,174
700,46,55,COWI,,Denmark,56.159418709313904,10.187763760747885,3156,,,,,Denmark,56.16389697427008,10.18616224669654,3193,,,,189738,187986,AAR_BT_0249 3156 3193,MAJOR_ROAD,183
2250,132,61,COWI,Risskov,Denmark,56.210237386910975,10.21333293005955,4358,8240,Sindalsvej,40,Risskov,Denmark,56.20913963031665,10.246642527612721,4354,8240,Viengevej,,229074,192520,AAR_BT_0303 4358 4354,MAJOR_ROAD,236
1210,62,70,COWI,Aarhus,Denmark,56.18958131478287,10.191119927578029,4361,8200,Randersvej,210,Aarhus,Denmark,56.19922307868954,10.182444749668093,4362,8200,Randersvej,,229080,192600,AAR_BT_0314 4361 4362,MAJOR_ROAD,239
945,57,60,COWI,Højbjerg,Denmark,56.12004117576438,10.167441665012348,4563,8270,Christian X's Vej,169,Aarhus,Denmark,56.12437832738177,10.180056017196648,4553,8260,Jyllands Alle,158,229471,198167,AAR_BT_0423 4563 4553,MAJOR_ROAD,344
1555,89,63,COWI,Højbjerg,Denmark,56.12004117576438,10.167441665012348,4563,8270,Christian X's Vej,169,Højbjerg,Denmark,56.10986429894997,10.162728804893504,4557,8270,Ringvej Syd,,229557,203689,AAR_BT_0466 4563 4557,MAJOR_ROAD,387
360,22,59,COWI,Aarhus,Denmark,56.14063267124548,10.1989185595246,3989,8000,Marselis Boulevard,50,Aarhus,Denmark,56.14171141881423,10.204415905418273,4367,8000,Marselis Boulevard,,180145,179038,AAR_BT_0114 3989 4367,MAJOR_ROAD,48
875,45,70,COWI,,Denmark,56.17312782176926,10.161757688325906,2656,,,,,Denmark,56.16798814878688,10.151387677246134,2655,,,,180173,179418,AAR_BT_0128 2656 2655,MAJOR_ROAD,62
530,32,60,COWI,,Denmark,56.181353258286634,10.192906008598356,2659,,,,,Denmark,56.18028339302693,10.198778699405693,3154,,,,186235,185131,AAR_BT_0198 2659 3154,MAJOR_ROAD,132
1380,83,60,COWI,Højbjerg,Denmark,56.1102508220387,10.153714822090137,4550,8270,Christian X's Vej,,Højbjerg,Denmark,56.12004117576438,10.167441665012348,4563,8270,Christian X's Vej,169,229463,198059,AAR_BT_0419 4550 4563,MAJOR_ROAD,340
1380,83,60,COWI,Højbjerg,Denmark,56.12004117576438,10.167441665012348,4563,8270,Christian X's Vej,169,Højbjerg,Denmark,56.110288211786354,10.153642402446735,4550,8270,Christian X's Vej,,229465,198085,AAR_BT_0420 4563 4550,MAJOR_ROAD,341
1490,89,60,COWI,Højbjerg,Denmark,56.12004117576438,10.167441665012348,4563,8270,Christian X's Vej,169,Aarhus,Denmark,56.13241046310714,10.174677478504236,4566,8260,Christian X's Vej,35,229467,198113,AAR_BT_0421 4563 4566,MAJOR_ROAD,342
1470,88,60,COWI,Aarhus,Denmark,56.13241046310714,10.174677478504236,4566,8260,Christian X's Vej,35,Højbjerg,Denmark,56.12004117576438,10.167441665012348,4563,8270,Christian X's Vej,169,229469,198139,AAR_BT_0422 4566 4563,MAJOR_ROAD,343
565,34,60,COWI,,Denmark,56.1803125039424,10.19893292642405,3154,,,,,Denmark,56.181459995226994,10.192792014715224,2659,,,,186237,185157,AAR_BT_0199 3154 2659,MAJOR_ROAD,133
825,50,59,COWI,Aarhus,Denmark,56.176038754874654,10.201616660049467,3977,8200,Randersvej,54,,Denmark,56.17235120664372,10.209275766864721,3183,,,,189710,187615,AAR_BT_0235 3977 3183,MAJOR_ROAD,169
850,46,67,COWI,Risskov,Denmark,56.19774431284465,10.228593618385275,4572,8240,Grenåvej,,Risskov,Denmark,56.196878435033454,10.216251775463206,4564,8240,Smedegade,10,229112,193026,AAR_BT_0334 4572 4564,MAJOR_ROAD,255
1600,82,70,COWI,Aarhus,Denmark,56.11919616177176,10.142859364417973,4559,8260,Søren Lofts Vej,4,Hasselager,Denmark,56.11067162844458,10.12228671163939,4562,8361,Møllebakken,15,229433,197652,AAR_BT_0404 4559 4562,MAJOR_ROAD,325
1190,61,70,COWI,Aarhus,Denmark,56.11906158966682,10.143036390212956,4559,8260,Søren Lofts Vej,4,Aarhus,Denmark,56.125743621869944,10.15788067857352,3986,8260,Skanderborgvej,224B,229435,197679,AAR_BT_0405 4559 3986,MAJOR_ROAD,326
1315,68,70,COWI,Højbjerg,Denmark,56.10986429894997,10.162728804893504,4557,8270,Ringvej Syd,,Aarhus,Denmark,56.118198830180894,10.148353690807198,4334,8260,Ringvej Syd,100,229445,197814,AAR_BT_0410 4557 4334,MAJOR_ROAD,331
1250,64,70,COWI,Højbjerg,Denmark,56.10986429894997,10.162728804893504,4557,8270,Ringvej Syd,,Højbjerg,Denmark,56.108951357622736,10.182395559524593,4570,8270,Ringvej Syd,,229447,197842,AAR_BT_0411 4557 4570,MAJOR_ROAD,332
760,46,59,COWI,,Denmark,56.17871060412596,10.184485323907893,2658,,,,Aarhus,Denmark,56.17389164456407,10.182183959489976,3983,8200,Paludan-Müllers Vej,48,186239,185184,AAR_BT_0200 2658 3983,MAJOR_ROAD,134
610,27,81,COWI,Ega,Denmark,56.20496203409241,10.259470361936565,4578,8250,Grenåvej,402,Risskov,Denmark,56.2026461982616,10.25068287483407,4565,8240,Grenåvej,337,192380,190583,AAR_BT_0285 4578 4565,MAJOR_ROAD,218
1095,56,70,COWI,Tilst,Denmark,56.182637286706964,10.113531440475526,4335,8381,Langørvej,36,Aarhus,Denmark,56.17941549701764,10.130153804893553,4342,8210,Viborgvej,322,229138,193376,AAR_BT_0347 4335 4342,MAJOR_ROAD,268
1460,75,70,COWI,Aarhus,Denmark,56.152447520476194,10.064734635581999,3184,8220,Silkeborgvej,790,Aarhus,Denmark,56.15286327729632,10.087895233135214,4343,8220,Silkeborgvej,699,229170,195233,AAR_BT_0363 3184 4343,MAJOR_ROAD,284
1485,76,70,COWI,Aarhus,Denmark,56.1529230346212,10.087875116567602,4343,8220,Silkeborgvej,699,Aarhus,Denmark,56.152447520476194,10.064734635581999,3184,8220,Silkeborgvej,790,229172,195259,AAR_BT_0364 4343 3184,MAJOR_ROAD,285
1250,64,70,COWI,Højbjerg,Denmark,56.108951357622736,10.182395559524593,4570,8270,Ringvej Syd,,Højbjerg,Denmark,56.10986429894997,10.162728804893504,4557,8270,Ringvej Syd,,229449,197868,AAR_BT_0412 4570 4557,MAJOR_ROAD,333
1325,84,57,COWI,Aarhus,Denmark,56.13417989322382,10.17948788343233,4556,8260,Rosenvangs Alle,27,Aarhus,Denmark,56.131053962866226,10.166163050262412,3987,8260,Skanderborgvej,169,229559,203716,AAR_BT_0467 4556 3987,MAJOR_ROAD,388
620,32,70,COWI,,Denmark,56.184659561973874,10.19604842460626,3155,,,,Aarhus,Denmark,56.18958131478287,10.191119927578029,4361,8200,Randersvej,210,229084,192653,AAR_BT_0316 3155 4361,MAJOR_ROAD,241
855,51,60,COWI,Risskov,Denmark,56.19371107014121,10.218878251485876,4581,8240,Dybbølvej,7B,Risskov,Denmark,56.190387445286476,10.223110775463056,4351,8240,Vestre Strandalle,69-71,229120,193132,AAR_BT_0338 4581 4351,MAJOR_ROAD,259
740,53,50,COWI,Aarhus,Denmark,56.17389164456407,10.182183959489976,3983,8200,Paludan-Müllers Vej,48,Aarhus,Denmark,56.179322409643085,10.175338207340246,4363,8200,Paludan-Müllers Vej,231,229128,193239,AAR_BT_0342 3983 4363,MAJOR_ROAD,263
1315,59,80,COWI,Tilst,Denmark,56.18546282170713,10.096344851520598,4347,8381,Tilst Parkvej,11,Tilst,Denmark,56.18959388227456,10.07666460978703,4333,8381,Viborgvej,,229132,193294,AAR_BT_0344 4347 4333,MAJOR_ROAD,265
1110,55,73,COWI,Tilst,Denmark,56.18546282170713,10.096344851520598,4347,8381,Tilst Parkvej,11,Tilst,Denmark,56.182637286706964,10.113531440475526,4335,8381,Langørvej,36,229134,193322,AAR_BT_0345 4347 4335,MAJOR_ROAD,266
1110,55,73,COWI,Tilst,Denmark,56.182637286706964,10.113531440475526,4335,8381,Langørvej,36,Tilst,Denmark,56.18546282170713,10.096344851520598,4347,8381,Tilst Parkvej,11,229136,193348,AAR_BT_0346 4335 4347,MAJOR_ROAD,267
1300,82,57,COWI,Aarhus,Denmark,56.13096577062022,10.166318618385276,3987,8260,Skanderborgvej,169,Aarhus,Denmark,56.13417989322382,10.17948788343233,4556,8260,Rosenvangs Alle,27,229561,203742,AAR_BT_0468 3987 4556,MAJOR_ROAD,389
580,35,60,COWI,Aarhus,Denmark,56.13959744418457,10.186632644180236,3990,8000,Marselis Boulevard,135,Aarhus,Denmark,56.13962771141822,10.177235595245293,3988,8000,Haveforening Af 1918,5,180149,179093,AAR_BT_0116 3990 3988,MAJOR_ROAD,50
845,38,80,COWI,Ega,Denmark,56.206985193530365,10.267323856483472,4569,8250,Grenåvej,,Ega,Denmark,56.21155278296297,10.27770202943043,4353,8250,Grenåvej,,192374,190501,AAR_BT_0282 4569 4353,MAJOR_ROAD,215
530,24,80,COWI,Ega,Denmark,56.207098572394976,10.267205839286817,4569,8250,Grenåvej,,Ega,Denmark,56.20496203409241,10.259470361936565,4578,8250,Grenåvej,402,192376,190529,AAR_BT_0283 4569 4578,MAJOR_ROAD,216
510,29,63,COWI,Risskov,Denmark,56.19677547153966,10.216211542327983,4564,8240,Smedegade,10,Risskov,Denmark,56.19371107014121,10.218878251485876,4581,8240,Dybbølvej,7B,229114,193053,AAR_BT_0335 4564 4581,MAJOR_ROAD,256
815,49,60,COWI,Risskov,Denmark,56.190387445286476,10.223110775463056,4351,8240,Vestre Strandalle,69-71,Risskov,Denmark,56.19369241581476,10.21908612268453,4581,8240,Dybbølvej,7B,229118,193106,AAR_BT_0337 4351 4581,MAJOR_ROAD,258
585,39,54,COWI,Risskov,Denmark,56.186546268439095,10.218303812914883,4582,8240,Grenåvej,125,Risskov,Denmark,56.190387445286476,10.223110775463056,4351,8240,Vestre Strandalle,69-71,229124,193185,AAR_BT_0340 4582 4351,MAJOR_ROAD,261
575,39,53,COWI,Aarhus,Denmark,56.13417989322382,10.17948788343233,4556,8260,Rosenvangs Alle,27,Aarhus,Denmark,56.138322977998705,10.179336344162948,4373,8260,Skanderborgvej,107,229563,203769,AAR_BT_0469 4556 4373,MAJOR_ROAD,390
615,37,60,COWI,,Denmark,56.16816672029917,10.207060089618722,4331,,,,Aarhus,Denmark,56.17122707649042,10.201380373016264,3191,8000,,,189722,187774,AAR_BT_0241 4331 3191,MAJOR_ROAD,175
560,39,52,COWI,,Denmark,56.15499691392427,10.182841611114554,3195,,,,,Denmark,56.15591411050229,10.176133542327875,3198,,,,189752,188172,AAR_BT_0256 3195 3198,MAJOR_ROAD,190
910,52,63,COWI,Risskov,Denmark,56.20056009742038,10.241876431877131,4567,8240,Grenåvej,,Risskov,Denmark,56.205074,10.236217525131224,4340,8240,Lystrupvej,42,229104,192919,AAR_BT_0330 4567 4340,MAJOR_ROAD,251
1205,67,65,COWI,Risskov,Denmark,56.205074,10.236217525131224,4340,8240,Lystrupvej,42,Risskov,Denmark,56.19774431284465,10.228593618385275,4572,8240,Grenåvej,,229106,192946,AAR_BT_0331 4340 4572,MAJOR_ROAD,252
1220,68,65,COWI,Risskov,Denmark,56.19765179702361,10.228639215938529,4572,8240,Grenåvej,,Risskov,Denmark,56.205074,10.236217525131224,4340,8240,Lystrupvej,42,229108,192972,AAR_BT_0332 4572 4340,MAJOR_ROAD,253
860,47,66,COWI,Risskov,Denmark,56.19677547153966,10.216211542327983,4564,8240,Smedegade,10,Risskov,Denmark,56.19765179702361,10.228639215938529,4572,8240,Grenåvej,,229110,193000,AAR_BT_0333 4564 4572,MAJOR_ROAD,254
585,40,53,COWI,Aarhus,Denmark,56.13844851575673,10.179150601188667,4373,8260,Skanderborgvej,107,Aarhus,Denmark,56.13417989322382,10.17948788343233,4556,8260,Rosenvangs Alle,27,229565,203795,AAR_BT_0470 4373 4556,MAJOR_ROAD,391
1250,86,52,COWI,Aarhus,Denmark,56.13417989322382,10.17948788343233,4556,8260,Rosenvangs Alle,27,Aarhus,Denmark,56.12437832738177,10.180056017196648,4553,8260,Jyllands Alle,158,229567,203822,AAR_BT_0471 4556 4553,MAJOR_ROAD,392
920,55,60,COWI,Aarhus,Denmark,56.21831017223658,10.167189431877205,4586,8200,Randersvej,354,Aarhus,Denmark,56.21071820426365,10.173023480985648,4348,8200,Randersvej,,160897,158776,AAR_BT_0016 4586 4348,MAJOR_ROAD,16
2255,132,62,COWI,Risskov,Denmark,56.20913963031665,10.246642527612721,4354,8240,Viengevej,,Risskov,Denmark,56.210237386910975,10.21333293005955,4358,8240,Sindalsvej,40,229076,192546,AAR_BT_0304 4354 4358,MAJOR_ROAD,237
1215,62,71,COWI,Aarhus,Denmark,56.19920218884512,10.182238219573946,4362,8200,Randersvej,,Aarhus,Denmark,56.18950967440927,10.190940219574031,4361,8200,Randersvej,210,229078,192574,AAR_BT_0313 4362 4361,MAJOR_ROAD,238
805,49,59,COWI,Risskov,Denmark,56.190387445286476,10.223110775463056,4351,8240,Vestre Strandalle,69-71,,Denmark,56.187071255964284,10.212341355819717,2661,,,,229086,192681,AAR_BT_0317 4351 2661,MAJOR_ROAD,242
805,49,59,COWI,,Denmark,56.18696229571611,10.212459373016372,2661,,,,Risskov,Denmark,56.190387445286476,10.223110775463056,4351,8240,Vestre Strandalle,69-71,229088,192707,AAR_BT_0318 2661 4351,MAJOR_ROAD,243
1105,56,71,COWI,Ega,Denmark,56.20496203409241,10.259470361936565,4578,8250,Grenåvej,402,Risskov,Denmark,56.20913963031665,10.246642527612721,4354,8240,Viengevej,,229100,192866,AAR_BT_0326 4578 4354,MAJOR_ROAD,249
535,30,64,COWI,Risskov,Denmark,56.19369241581476,10.21908612268453,4581,8240,Dybbølvej,7B,Risskov,Denmark,56.196878435033454,10.216251775463206,4564,8240,Smedegade,10,229116,193079,AAR_BT_0336 4581 4564,MAJOR_ROAD,257
645,42,55,COWI,,Denmark,56.148158423711955,10.149694601188685,2653,,,,Aarhus,Denmark,56.14774074192765,10.158060728836062,3984,8230,Anker Jensens Vej,12,189680,187218,AAR_BT_0220 2653 3984,MAJOR_ROAD,154
2485,114,78,COWI,Hjortshøj,Denmark,56.242032790256985,10.261365288360594,3153,8530,Mejlbyvej,285,Ega,Denmark,56.22020076302727,10.267762215938546,4352,8250,Mejlbyvej,58,192396,190799,AAR_BT_0293 3153 4352,MAJOR_ROAD,226
1375,83,60,COWI,Lystrup,Denmark,56.21728389714838,10.233619432540877,4346,8520,Lystrupvej,201,Risskov,Denmark,56.205074,10.236217525131224,4340,8240,Lystrupvej,42,192404,190908,AAR_BT_0297 4346 4340,MAJOR_ROAD,230
805,43,67,COWI,Aarhus,Denmark,56.20103008023493,10.169078780426162,4366,8200,Humlehusvej,16,Aarhus,Denmark,56.2049938543326,10.17926542270186,4365,8200,Skejby Nordlandsvej,311,192408,190963,AAR_BT_0299 4366 4365,MAJOR_ROAD,232
830,44,68,COWI,Aarhus,Denmark,56.2049938543326,10.17926542270186,4365,8200,Skejby Nordlandsvej,311,Aarhus,Denmark,56.20114198464991,10.168842746032851,4366,8200,Humlehusvej,16,229068,192438,AAR_BT_0300 4365 4366,MAJOR_ROAD,233
2265,130,63,COWI,Aarhus,Denmark,56.2049938543326,10.17926542270186,4365,8200,Skejby Nordlandsvej,311,Risskov,Denmark,56.210237386910975,10.21333293005955,4358,8240,Sindalsvej,40,229070,192466,AAR_BT_0301 4365 4358,MAJOR_ROAD,234
1315,91,52,COWI,Aarhus,Denmark,56.12437832738177,10.180056017196648,4553,8260,Jyllands Alle,158,Aarhus,Denmark,56.13417989322382,10.17948788343233,4556,8260,Rosenvangs Alle,27,229569,203848,AAR_BT_0472 4553 4556,MAJOR_ROAD,393
870,45,70,COWI,,Denmark,56.167867187555736,10.1515794551907,2655,,,,,Denmark,56.17304495205962,10.161823402446771,2656,,,,180175,179444,AAR_BT_0129 2655 2656,MAJOR_ROAD,63
530,24,80,COWI,Ega,Denmark,56.20482701617347,10.259584355819698,4578,8250,Grenåvej,402,Ega,Denmark,56.206985193530365,10.267323856483472,4569,8250,Grenåvej,,192378,190555,AAR_BT_0284 4578 4569,MAJOR_ROAD,217
610,27,81,COWI,Risskov,Denmark,56.20251117218925,10.250786139881143,4565,8240,Grenåvej,337,Ega,Denmark,56.20482701617347,10.259584355819698,4578,8250,Grenåvej,402,192382,190609,AAR_BT_0286 4565 4578,MAJOR_ROAD,219
590,30,71,COWI,Risskov,Denmark,56.2026461982616,10.25068287483407,4565,8240,Grenåvej,337,Risskov,Denmark,56.20056009742038,10.241876431877131,4567,8240,Grenåvej,,192384,190637,AAR_BT_0287 4565 4567,MAJOR_ROAD,220
590,30,71,COWI,Risskov,Denmark,56.20043625463636,10.241989084655756,4567,8240,Grenåvej,,Risskov,Denmark,56.20251117218925,10.250786139881143,4565,8240,Grenåvej,337,192386,190663,AAR_BT_0288 4567 4565,MAJOR_ROAD,221
880,45,70,COWI,Risskov,Denmark,56.19765179702361,10.228639215938529,4572,8240,Grenåvej,,Risskov,Denmark,56.20043625463636,10.241989084655756,4567,8240,Grenåvej,,192390,190717,AAR_BT_0290 4572 4567,MAJOR_ROAD,223
815,42,70,COWI,Risskov,Denmark,56.19774431284465,10.228593618385275,4572,8240,Grenåvej,,Risskov,Denmark,56.19371107014121,10.218878251485876,4581,8240,Dybbølvej,7B,192392,190744,AAR_BT_0291 4572 4581,MAJOR_ROAD,224
695,47,53,COWI,,Denmark,56.15898299999999,10.182659856483497,3185,,,,,Denmark,56.15591411050229,10.176133542327875,3198,,,,189748,188119,AAR_BT_0254 3185 3198,MAJOR_ROAD,188
730,44,60,COWI,,Denmark,56.14258759218248,10.186756880950952,3150,,,,Aarhus,Denmark,56.13962771141822,10.177235595245293,3988,8000,Haveforening Af 1918,5,192358,190285,AAR_BT_0273 3150 3988,MAJOR_ROAD,207
390,23,61,COWI,Aarhus,Denmark,56.13953206657349,10.177203408737114,3988,8000,Haveforening Af 1918,5,Aarhus,Denmark,56.13844851575673,10.179150601188667,4373,8260,Skanderborgvej,107,192360,190312,AAR_BT_0274 3988 4373,MAJOR_ROAD,208
450,27,60,COWI,Aarhus,Denmark,56.138322977998705,10.179336344162948,4373,8260,Skanderborgvej,107,Aarhus,Denmark,56.13962771141822,10.177235595245293,3988,8000,Haveforening Af 1918,5,192362,190338,AAR_BT_0275 4373 3988,MAJOR_ROAD,209
2285,103,80,COWI,Ega,Denmark,56.230013292978384,10.293740482139583,4357,8250,Bredevej,2,Ega,Denmark,56.21163929866206,10.277436490737955,4353,8250,Grenåvej,,192368,190421,AAR_BT_0279 4357 4353,MAJOR_ROAD,212
805,41,71,COWI,Risskov,Denmark,56.19369241581476,10.21908612268453,4581,8240,Dybbølvej,7B,Risskov,Denmark,56.19765179702361,10.228639215938529,4572,8240,Grenåvej,,192394,190770,AAR_BT_0292 4581 4572,MAJOR_ROAD,225
1380,83,60,COWI,Risskov,Denmark,56.205074,10.236217525131224,4340,8240,Lystrupvej,42,Lystrup,Denmark,56.21728389714838,10.233619432540877,4346,8520,Lystrupvej,201,192406,190934,AAR_BT_0298 4340 4346,MAJOR_ROAD,231
1020,52,71,COWI,,Denmark,56.16798814878688,10.151387677246134,2655,,,,,Denmark,56.1601908856982,10.143257948409996,2654,,,,182194,180547,AAR_BT_0130 2655 2654,MAJOR_ROAD,64
660,44,54,COWI,,Denmark,56.16945046812791,10.194338714120931,3192,,,,Aarhus,Denmark,56.170278565367,10.186652602364234,3982,8200,Åbogade,1A,189724,187801,AAR_BT_0242 3192 3982,MAJOR_ROAD,176
890,58,55,COWI,,Denmark,56.16389697427008,10.18616224669654,3193,,,,Aarhus,Denmark,56.170278565367,10.186652602364234,3982,8200,Åbogade,1A,189728,187854,AAR_BT_0244 3193 3982,MAJOR_ROAD,178
865,56,56,COWI,Aarhus,Denmark,56.170278565367,10.186652602364234,3982,8200,Åbogade,1A,,Denmark,56.163969409207326,10.185844404928275,3193,,,,189730,187880,AAR_BT_0245 3982 3193,MAJOR_ROAD,179
665,40,60,COWI,,Denmark,56.163969409207326,10.185844404928275,3193,,,,,Denmark,56.162446952950255,10.17839594725615,3157,,,,189732,187907,AAR_BT_0246 3193 3157,MAJOR_ROAD,180
685,41,60,COWI,,Denmark,56.162369287665825,10.178335597553314,3157,,,,,Denmark,56.16389697427008,10.18616224669654,3193,,,,189734,187933,AAR_BT_0247 3157 3193,MAJOR_ROAD,181
1420,96,53,COWI,Aarhus,Denmark,56.13417989322382,10.17948788343233,4556,8260,Rosenvangs Alle,27,Højbjerg,Denmark,56.12994000000001,10.187329678573633,4548,8270,Jyllands Alle,114,229571,203875,AAR_BT_0473 4556 4548,MAJOR_ROAD,394
1270,88,52,COWI,Højbjerg,Denmark,56.12994000000001,10.187329678573633,4548,8270,Jyllands Alle,114,Aarhus,Denmark,56.13417989322382,10.17948788343233,4556,8260,Rosenvangs Alle,27,229573,203901,AAR_BT_0474 4548 4556,MAJOR_ROAD,395
635,42,54,COWI,Aarhus,Denmark,56.12437832738177,10.180056017196648,4553,8260,Jyllands Alle,158,Højbjerg,Denmark,56.12391430736949,10.185914784061424,4568,8270,Rosenvangs Alle,118,229575,203928,AAR_BT_0475 4553 4568,MAJOR_ROAD,396
1915,98,70,COWI,Aarhus,Denmark,56.13962771141822,10.177235595245293,3988,8000,Haveforening Af 1918,5,,Denmark,56.14051551675728,10.154338145998054,2652,,,,189690,187350,AAR_BT_0225 3988 2652,MAJOR_ROAD,159
1925,99,70,COWI,Aarhus,Denmark,56.13962771141822,10.177235595245293,3988,8000,Haveforening Af 1918,5,,Denmark,56.13199024175818,10.157454995037142,2651,,,,189694,187403,AAR_BT_0227 3988 2651,MAJOR_ROAD,161
890,46,70,COWI,,Denmark,56.13199024175818,10.157454995037142,2651,,,,Aarhus,Denmark,56.125829583613914,10.157709017196566,3986,8260,Skanderborgvej,224B,189696,187430,AAR_BT_0228 2651 3986,MAJOR_ROAD,162
850,47,65,COWI,,Denmark,56.13199024175818,10.157454995037142,2651,,,,Aarhus,Denmark,56.13096577062022,10.166318618385276,3987,8260,Skanderborgvej,169,189700,187483,AAR_BT_0230 2651 3987,MAJOR_ROAD,164
715,43,60,COWI,,Denmark,56.171122550932225,10.201447428241636,3191,,,,Aarhus,Denmark,56.17606861552515,10.201770887067823,3977,8200,Randersvej,54,189716,187695,AAR_BT_0238 3191 3977,MAJOR_ROAD,172
685,41,60,COWI,Aarhus,Denmark,56.176038754874654,10.201616660049467,3977,8200,Randersvej,54,Aarhus,Denmark,56.17122707649042,10.201380373016264,3191,8000,,,189718,187721,AAR_BT_0239 3977 3191,MAJOR_ROAD,173
765,51,54,COWI,Højbjerg,Denmark,56.12391430736949,10.185914784061424,4568,8270,Rosenvangs Alle,118,Aarhus,Denmark,56.12437832738177,10.180056017196648,4553,8260,Jyllands Alle,158,229577,203954,AAR_BT_0476 4568 4553,MAJOR_ROAD,397
740,49,54,COWI,Højbjerg,Denmark,56.12391430736949,10.185914784061424,4568,8270,Rosenvangs Alle,118,Højbjerg,Denmark,56.12994,10.18704,4548,8270,Jyllands Alle,114,229579,203981,AAR_BT_0477 4568 4548,MAJOR_ROAD,398
800,41,70,COWI,,Denmark,56.187071255964284,10.212341355819717,2661,,,,,Denmark,56.1833360361296,10.200700790178303,2660,,,,180153,179148,AAR_BT_0118 2661 2660,MAJOR_ROAD,52
1470,76,70,COWI,,Denmark,56.1601908856982,10.143257948409996,2654,,,,,Denmark,56.148158423711955,10.149694601188685,2653,,,,182198,180601,AAR_BT_0132 2654 2653,MAJOR_ROAD,66
840,51,59,COWI,,Denmark,56.174917180024806,10.171611868717264,2657,,,,Aarhus,Denmark,56.17389164456407,10.182183959489976,3983,8200,Paludan-Müllers Vej,48,186243,185237,AAR_BT_0202 2657 3983,MAJOR_ROAD,136
625,40,56,COWI,Aarhus,Denmark,56.14774074192765,10.158060728836062,3984,8230,Anker Jensens Vej,12,,Denmark,56.148242094184255,10.149874309192683,2653,,,,189682,187244,AAR_BT_0221 3984 2653,MAJOR_ROAD,155
1060,62,62,COWI,,Denmark,56.14051551675728,10.154338145998054,2652,,,,Aarhus,Denmark,56.14774074192765,10.158060728836062,3984,8230,Anker Jensens Vej,12,189684,187271,AAR_BT_0222 2652 3984,MAJOR_ROAD,156
1865,97,69,COWI,Tilst,Denmark,56.18277313796047,10.101564720237775,4329,8381,Anelystvej,,Tilst,Denmark,56.16716656043954,10.093516609210042,4345,8381,Anelystvej,35,229150,194960,AAR_BT_0353 4329 4345,MAJOR_ROAD,274
775,51,55,COWI,Højbjerg,Denmark,56.12994000000001,10.187329678573633,4548,8270,Jyllands Alle,114,Højbjerg,Denmark,56.12391430736949,10.185914784061424,4568,8270,Rosenvangs Alle,118,229581,204007,AAR_BT_0478 4548 4568,MAJOR_ROAD,399
645,43,54,COWI,Aarhus,Denmark,56.136738858609256,10.20776318039134,4375,8000,Strandvejen,94,Aarhus,Denmark,56.141823496238665,10.204370307865133,4367,8000,Marselis Boulevard,,229583,204034,AAR_BT_0479 4375 4367,MAJOR_ROAD,400
920,55,60,COWI,Aarhus,Denmark,56.210756242190286,10.173161614749915,4348,8200,Randersvej,,Aarhus,Denmark,56.21831017223658,10.167189431877205,4586,8200,Randersvej,354,160926,158805,AAR_BT_0017 4348 4586,MAJOR_ROAD,17
1455,75,70,COWI,,Denmark,56.148242094184255,10.149874309192683,2653,,,,,Denmark,56.16018043015113,10.143520804893456,2654,,,,182200,180627,AAR_BT_0133 2653 2654,MAJOR_ROAD,67
855,57,54,COWI,,Denmark,56.14984790483175,10.183679466270405,3196,,,,Odder,Denmark,56.151949698562795,10.17614185152047,3985,8300,Rypevej,11,192332,189941,AAR_BT_0260 3196 3985,MAJOR_ROAD,194
675,45,54,COWI,Aarhus,Denmark,56.14171141881423,10.204415905418273,4367,8000,Marselis Boulevard,,Aarhus,Denmark,56.136738858609256,10.20776318039134,4375,8000,Strandvejen,94,229585,204060,AAR_BT_0480 4367 4375,MAJOR_ROAD,401
935,61,55,COWI,Aarhus,Denmark,56.136738858609256,10.20776318039134,4375,8000,Strandvejen,94,Aarhus,Denmark,56.1407940671622,10.198852845403735,3989,8000,Marselis Boulevard,50,229587,204087,AAR_BT_0481 4375 3989,MAJOR_ROAD,402
930,61,55,COWI,Aarhus,Denmark,56.14063267124548,10.1989185595246,3989,8000,Marselis Boulevard,50,Aarhus,Denmark,56.136738858609256,10.20776318039134,4375,8000,Strandvejen,94,229589,204113,AAR_BT_0482 3989 4375,MAJOR_ROAD,403
900,50,65,COWI,Højbjerg,Denmark,56.10480213435411,10.198804084655762,4371,8270,Bushøjvænget,111,Højbjerg,Denmark,56.105069529457616,10.206927436840033,4372,8270,Oddervej,172,229591,204140,AAR_BT_0483 4371 4372,MAJOR_ROAD,404
880,49,65,COWI,Højbjerg,Denmark,56.105069529457616,10.206927436840033,4372,8270,Oddervej,172,Højbjerg,Denmark,56.10480213435411,10.198804084655762,4371,8270,Bushøjvænget,111,229593,204166,AAR_BT_0484 4372 4371,MAJOR_ROAD,405
985,55,64,COWI,Højbjerg,Denmark,56.09926842434083,10.209020390213027,4369,8270,Oddervej,206,Højbjerg,Denmark,56.10480213435411,10.198804084655762,4371,8270,Bushøjvænget,111,229597,204219,AAR_BT_0486 4369 4371,MAJOR_ROAD,407
595,36,60,COWI,,Denmark,56.178623267668705,10.18461071717934,2658,,,,,Denmark,56.18210217593679,10.189355309192706,3163,,,,229599,204247,AAR_BT_0487 2658 3163,MAJOR_ROAD,408
575,35,59,COWI,,Denmark,56.18210217593679,10.189355309192706,3163,,,,,Denmark,56.17871060412596,10.184485323907893,2658,,,,229601,204273,AAR_BT_0488 3163 2658,MAJOR_ROAD,409
530,33,58,COWI,,Denmark,56.181459995226994,10.192792014715224,2659,,,,,Denmark,56.18210217593679,10.189355309192706,3163,,,,229603,204300,AAR_BT_0489 2659 3163,MAJOR_ROAD,410
865,52,60,COWI,Aarhus,Denmark,56.17389164456407,10.182183959489976,3983,8200,Paludan-Müllers Vej,48,,Denmark,56.17505006362324,10.171526038028787,2657,,,,186245,185263,AAR_BT_0203 3983 2657,MAJOR_ROAD,137
655,34,69,COWI,,Denmark,56.17262995803033,10.153436152114864,3159,,,,,Denmark,56.17304495205962,10.161823402446771,2656,,,,186249,185316,AAR_BT_0205 3159 2656,MAJOR_ROAD,139
760,42,65,COWI,,Denmark,56.17312782176926,10.161757688325906,2656,,,,,Denmark,56.169148028055325,10.161062711639374,3158,,,,186251,185343,AAR_BT_0206 2656 3158,MAJOR_ROAD,140
960,52,66,COWI,Aarhus,Denmark,56.170886798880105,10.149547918402732,4338,8210,Jernaldervej,3,,Denmark,56.17304495205962,10.161823402446771,2656,,,,229186,195446,AAR_BT_0371 4338 2656,MAJOR_ROAD,292
565,35,58,COWI,,Denmark,56.18210217593679,10.189355309192706,3163,,,,,Denmark,56.181353258286634,10.192906008598356,2659,,,,229605,205997,AAR_BT_0490 3163 2659,MAJOR_ROAD,411
505,32,57,COWI,,Denmark,56.14251885276732,10.186880262565637,3150,,,,Aarhus,Denmark,56.1417522836526,10.192723647815683,3979,8000,Søndre Ringgade,,229611,206078,AAR_BT_0493 3150 3979,MAJOR_ROAD,414
540,34,57,COWI,Aarhus,Denmark,56.141835968071454,10.192906038028696,3979,8000,Søndre Ringgade,,,Denmark,56.14258759218248,10.186756880950952,3150,,,,229613,206104,AAR_BT_0494 3979 3150,MAJOR_ROAD,415
505,30,61,COWI,Aarhus,Denmark,56.1417522836526,10.192723647815683,3979,8000,Søndre Ringgade,,Aarhus,Denmark,56.14063267124548,10.1989185595246,3989,8000,Marselis Boulevard,50,229615,206131,AAR_BT_0495 3979 3989,MAJOR_ROAD,416
475,29,59,COWI,Aarhus,Denmark,56.1407940671622,10.198852845403735,3989,8000,Marselis Boulevard,50,Aarhus,Denmark,56.141835968071454,10.192906038028696,3979,8000,Søndre Ringgade,,229617,206157,AAR_BT_0496 3989 3979,MAJOR_ROAD,417
760,46,59,COWI,Aarhus,Denmark,56.139477887997344,10.186664830688414,3990,8000,Marselis Boulevard,135,Aarhus,Denmark,56.141835968071454,10.192906038028696,3979,8000,Søndre Ringgade,,229621,206210,AAR_BT_0498 3990 3979,MAJOR_ROAD,419
475,32,53,COWI,Højbjerg,Denmark,56.11692219631463,10.202164315973278,4368,8270,Rosenvangs Alle,233,Højbjerg,Denmark,56.117828971777826,10.207113017196662,4377,8270,Oddervej,51,229625,206263,AAR_BT_0500 4368 4377,MAJOR_ROAD,421
1195,53,81,COWI,Aarhus,Denmark,56.21071820426365,10.173023480985648,4348,8200,Randersvej,,Aarhus,Denmark,56.20391,10.175128,4350,8200,Søftenvej,,160983,158836,AAR_BT_0018 4348 4350,MAJOR_ROAD,18
580,35,60,COWI,Aarhus,Denmark,56.13953206657349,10.177203408737114,3988,8000,Haveforening Af 1918,5,Aarhus,Denmark,56.139477887997344,10.186664830688414,3990,8000,Marselis Boulevard,135,180151,179119,AAR_BT_0117 3988 3990,MAJOR_ROAD,51
915,47,70,COWI,,Denmark,56.148158423711955,10.149694601188685,2653,,,,,Denmark,56.1404960893661,10.154132957008414,2652,,,,182202,180655,AAR_BT_0134 2653 2652,MAJOR_ROAD,68
920,47,70,COWI,,Denmark,56.14051551675728,10.154338145998054,2652,,,,,Denmark,56.148242094184255,10.149874309192683,2653,,,,182204,180681,AAR_BT_0135 2652 2653,MAJOR_ROAD,69
970,50,70,COWI,,Denmark,56.1404960893661,10.154132957008414,2652,,,,,Denmark,56.13199024175818,10.157454995037142,2651,,,,182206,180709,AAR_BT_0136 2652 2651,MAJOR_ROAD,70
970,50,70,COWI,,Denmark,56.13203209461566,10.157658842922274,2651,,,,,Denmark,56.14051551675728,10.154338145998054,2652,,,,182208,180735,AAR_BT_0137 2651 2652,MAJOR_ROAD,71
290,17,61,COWI,,Denmark,56.17405423428392,10.213484466270415,3182,,,,,Denmark,56.17243586196818,10.209219127208598,3183,,,,182210,180764,AAR_BT_0138 3182 3183,MAJOR_ROAD,72
730,41,64,COWI,,Denmark,56.169148028055325,10.161062711639374,3158,,,,,Denmark,56.17304495205962,10.161823402446771,2656,,,,186253,185369,AAR_BT_0207 3158 2656,MAJOR_ROAD,141
800,41,70,COWI,,Denmark,56.18324423193787,10.200790644180302,2660,,,,,Denmark,56.18696229571611,10.212459373016372,2661,,,,180155,179174,AAR_BT_0119 2660 2661,MAJOR_ROAD,53
525,27,70,COWI,,Denmark,56.1833360361296,10.200700790178303,2660,,,,,Denmark,56.181459995226994,10.192792014715224,2659,,,,180157,179202,AAR_BT_0120 2660 2659,MAJOR_ROAD,54
525,27,70,COWI,,Denmark,56.181353258286634,10.192906008598356,2659,,,,,Denmark,56.18324423193787,10.200790644180302,2660,,,,180159,179228,AAR_BT_0121 2659 2660,MAJOR_ROAD,55
605,31,70,COWI,,Denmark,56.181459995226994,10.192792014715224,2659,,,,,Denmark,56.17871060412596,10.184485323907893,2658,,,,180161,179256,AAR_BT_0122 2659 2658,MAJOR_ROAD,56
605,31,70,COWI,,Denmark,56.178623267668705,10.18461071717934,2658,,,,,Denmark,56.181353258286634,10.192906008598356,2659,,,,180163,179282,AAR_BT_0123 2658 2659,MAJOR_ROAD,57
910,47,70,COWI,,Denmark,56.174917180024806,10.171611868717264,2657,,,,,Denmark,56.178623267668705,10.18461071717934,2658,,,,180167,179336,AAR_BT_0125 2657 2658,MAJOR_ROAD,59
645,33,70,COWI,,Denmark,56.17505006362324,10.171526038028787,2657,,,,,Denmark,56.17312782176926,10.161757688325906,2656,,,,180169,179364,AAR_BT_0126 2657 2656,MAJOR_ROAD,60
645,33,70,COWI,,Denmark,56.17304495205962,10.161823402446771,2656,,,,,Denmark,56.174917180024806,10.171611868717264,2657,,,,180171,179390,AAR_BT_0127 2656 2657,MAJOR_ROAD,61
1405,84,60,COWI,Aarhus,Denmark,56.16459887184971,10.109984271163967,4325,8220,Edwin Rahrs Vej,73-75,Aarhus,Denmark,56.169454614092764,10.11966875826647,4337,8220,Holmstrupgårdvej,28,229631,206343,AAR_BT_0503 4325 4337,MAJOR_ROAD,424
555,40,50,COWI,,Denmark,56.16631645387974,10.218120143516558,3186,,,,,Denmark,56.161597269074186,10.215389695770227,3187,,,,180133,178875,AAR_BT_0108 3186 3187,MAJOR_ROAD,42
555,40,50,COWI,,Denmark,56.161597269074186,10.215389695770227,3187,,,,,Denmark,56.166317200585326,10.218226090772646,3186,,,,180135,178901,AAR_BT_0109 3187 3186,MAJOR_ROAD,43
1475,106,50,COWI,,Denmark,56.161597269074186,10.215389695770227,3187,,,,,Denmark,56.14892750591274,10.209599775463175,4552,,,,180137,178929,AAR_BT_0110 3187 4552,MAJOR_ROAD,44
1475,106,50,COWI,,Denmark,56.14892750591274,10.209599775463175,4552,,,,,Denmark,56.161597269074186,10.215389695770227,3187,,,,180139,178955,AAR_BT_0111 4552 3187,MAJOR_ROAD,45
470,34,50,COWI,,Denmark,56.14892750591274,10.209599775463175,4552,,,,,Denmark,56.14472622987757,10.208600965029746,3190,,,,180141,178983,AAR_BT_0112 4552 3190,MAJOR_ROAD,46
560,38,53,COWI,,Denmark,56.159418709313904,10.187763760747885,3156,,,,,Denmark,56.15898299999999,10.182659856483497,3185,,,,189746,188092,AAR_BT_0253 3156 3185,MAJOR_ROAD,187
1120,60,67,COWI,Aarhus,Denmark,56.11814500000001,10.148131067458962,4334,8260,Ringvej Syd,100,Højbjerg,Denmark,56.110288211786354,10.153642402446735,4550,8270,Christian X's Vej,,229543,201961,AAR_BT_0459 4334 4550,MAJOR_ROAD,380
800,43,67,COWI,Risskov,Denmark,56.19371107014121,10.218878251485876,4581,8240,Dybbølvej,7B,Risskov,Denmark,56.18655111946821,10.218124775463139,4582,8240,Grenåvej,125,178662,178548,AAR_BT_0100 4581 4582,MAJOR_ROAD,34
800,43,67,COWI,Risskov,Denmark,56.186546268439095,10.218303812914883,4582,8240,Grenåvej,125,Risskov,Denmark,56.19369241581476,10.21908612268453,4581,8240,Dybbølvej,7B,178660,178600,AAR_BT_0101 4582 4581,MAJOR_ROAD,35
365,22,60,COWI,,Denmark,56.18290049276627,10.217978235616556,3181,,,,Risskov,Denmark,56.186546268439095,10.218303812914883,4582,8240,Grenåvej,125,180123,178739,AAR_BT_0103 3181 4582,MAJOR_ROAD,37
920,58,57,COWI,Aarhus,Denmark,56.175432085860464,10.221273033065813,3978,8200,Dronning Margrethes Vej,99,,Denmark,56.18290049276627,10.217978235616556,3181,,,,180127,178793,AAR_BT_0105 3978 3181,MAJOR_ROAD,39
1055,76,50,COWI,Aarhus,Denmark,56.17540521083046,10.221176473541277,3978,8200,Dronning Margrethes Vej,99,,Denmark,56.16631645387974,10.218120143516558,3186,,,,180129,178821,AAR_BT_0106 3978 3186,MAJOR_ROAD,40
1055,76,50,COWI,,Denmark,56.166317200585326,10.218226090772646,3186,,,,Aarhus,Denmark,56.175432085860464,10.221273033065813,3978,8200,Dronning Margrethes Vej,99,180131,178847,AAR_BT_0107 3186 3978,MAJOR_ROAD,41
360,22,59,COWI,Aarhus,Denmark,56.141823496238665,10.204370307865133,4367,8000,Marselis Boulevard,,Aarhus,Denmark,56.1407940671622,10.198852845403735,3989,8000,Marselis Boulevard,50,180147,179064,AAR_BT_0115 4367 3989,MAJOR_ROAD,49
725,37,71,COWI,,Denmark,56.167867187555736,10.1515794551907,2655,,,,,Denmark,56.17267848588397,10.153508571758266,3159,,,,186255,185396,AAR_BT_0208 2655 3159,MAJOR_ROAD,142
695,36,70,COWI,,Denmark,56.17262995803033,10.153436152114864,3159,,,,,Denmark,56.16798814878688,10.151387677246134,2655,,,,186257,185422,AAR_BT_0209 3159 2655,MAJOR_ROAD,143
795,44,65,COWI,,Denmark,56.167867187555736,10.1515794551907,2655,,,,,Denmark,56.169148028055325,10.161062711639374,3158,,,,189660,186953,AAR_BT_0210 2655 3158,MAJOR_ROAD,144
830,46,65,COWI,,Denmark,56.169148028055325,10.161062711639374,3158,,,,,Denmark,56.16798814878688,10.151387677246134,2655,,,,189662,186979,AAR_BT_0211 3158 2655,MAJOR_ROAD,145
1015,52,70,COWI,,Denmark,56.1601908856982,10.143257948409996,2654,,,,,Denmark,56.153267352820414,10.139025504299298,3200,,,,189664,187006,AAR_BT_0212 2654 3200,MAJOR_ROAD,146
1040,53,71,COWI,,Denmark,56.153135887760996,10.139060373016491,3200,,,,,Denmark,56.16018043015113,10.143520804893456,2654,,,,189666,187032,AAR_BT_0213 3200 2654,MAJOR_ROAD,147
1610,90,64,COWI,,Denmark,56.1601908856982,10.143257948409996,2654,,,,,Denmark,56.154610138216704,10.157440224536913,3199,,,,189668,187059,AAR_BT_0214 2654 3199,MAJOR_ROAD,148
1575,88,64,COWI,,Denmark,56.154610138216704,10.157440224536913,3199,,,,,Denmark,56.16018043015113,10.143520804893456,2654,,,,189670,187085,AAR_BT_0215 3199 2654,MAJOR_ROAD,149
1030,52,71,COWI,Hinnerup,Denmark,56.23172069428216,10.104986076057457,4320,8382,Århusvej,72,Hinnerup,Denmark,56.22579478256016,10.116589665412903,4322,8382,Stenhøjvej,5,159103,158324,AAR_BT_0001 4320 4322,MAJOR_ROAD,1
1195,39,110,COWI,Hinnerup,Denmark,56.22579478256016,10.116589665412903,4322,8382,Stenhøjvej,5,Tilst,Denmark,56.21740644105506,10.10702759027481,4321,8381,Østjyske Motorvej,,159174,158355,AAR_BT_0002 4322 4321,MAJOR_ROAD,2
2895,148,70,COWI,Hinnerup,Denmark,56.23172069428216,10.104986076057457,4320,8382,Århusvej,72,Aarhus,Denmark,56.2149789163549,10.13969570304107,4364,8200,Søftenvej,,159382,158386,AAR_BT_0003 4320 4364,MAJOR_ROAD,3
2880,148,70,COWI,Aarhus,Denmark,56.21508593264829,10.13978019262504,4364,8200,Søftenvej,,Hinnerup,Denmark,56.23181760050895,10.105109457672143,4320,8382,Århusvej,72,159534,158415,AAR_BT_0004 4364 4320,MAJOR_ROAD,4
2345,75,113,COWI,Tilst,Denmark,56.21731711429131,10.10711200000003,4321,8381,Østjyske Motorvej,,Hinnerup,Denmark,56.23490211108693,10.12519614484404,4323,8382,Nordjyske Motorvej,,159619,158446,AAR_BT_0005 4321 4323,MAJOR_ROAD,5
910,47,70,COWI,,Denmark,56.17871060412596,10.184485323907893,2658,,,,,Denmark,56.17505006362324,10.171526038028787,2657,,,,180165,179310,AAR_BT_0124 2658 2657,MAJOR_ROAD,58
1030,46,81,COWI,Aarhus,Denmark,56.20417258212644,10.175406949737521,4350,8200,Søftenvej,,Aarhus,Denmark,56.20869704245814,10.161186577298167,4349,8200,Søftenvej,,161140,158954,AAR_BT_0022 4350 4349,MAJOR_ROAD,22
1030,46,81,COWI,Aarhus,Denmark,56.20852026816215,10.161038385250095,4349,8200,Søftenvej,,Aarhus,Denmark,56.20391,10.175128,4350,8200,Søftenvej,,161167,158983,AAR_BT_0023 4349 4350,MAJOR_ROAD,23
3132,125,90,COWI,Hinnerup,Denmark,56.23489759702643,10.125013142824173,4323,8382,Nordjyske Motorvej,,Aarhus,Denmark,56.2149789163549,10.13969570304107,4364,8200,Søftenvej,,172457,172329,AAR_BT_0027 4323 4364,MAJOR_ROAD,27
1193,53,81,COWI,Hinnerup,Denmark,56.22579478256016,10.116589665412903,4322,8382,Stenhøjvej,5,Tilst,Denmark,56.21740644105506,10.10702759027481,4321,8381,Østjyske Motorvej,,171762,171572,AAR_BT_0028 4326 4322 4321,MAJOR_ROAD,28
365,22,60,COWI,Risskov,Denmark,56.18655111946821,10.218124775463139,4582,8240,Grenåvej,125,,Denmark,56.18290049276627,10.21780255092608,3181,,,,180121,178713,AAR_BT_0102 4582 3181,MAJOR_ROAD,36
1110,76,53,COWI,Ega,Denmark,56.22020076302727,10.267762215938546,4352,8250,Mejlbyvej,58,Ega,Denmark,56.2107989833621,10.269519082174156,4356,8250,Mejlbyvej,4,192400,190853,AAR_BT_0295 4352 4356,MAJOR_ROAD,228
700,31,81,COWI,Aarhus,Denmark,56.20391,10.175128,4350,8200,Søftenvej,,Aarhus,Denmark,56.19920218884512,10.182238219573946,4362,8200,Randersvej,,161215,159014,AAR_BT_0024 4350 4362,MAJOR_ROAD,24
710,32,80,COWI,Aarhus,Denmark,56.19922307868954,10.182444749668093,4362,8200,Randersvej,,Aarhus,Denmark,56.20417258212644,10.175406949737521,4350,8200,Søftenvej,,161251,159043,AAR_BT_0025 4362 4350,MAJOR_ROAD,25
920,58,57,COWI,,Denmark,56.18290049276627,10.21780255092608,3181,,,,Aarhus,Denmark,56.17540521083046,10.221176473541277,3978,8200,Dronning Margrethes Vej,99,180125,178767,AAR_BT_0104 3181 3978,MAJOR_ROAD,38
610,37,59,COWI,,Denmark,56.163969409207326,10.185844404928275,3193,,,,,Denmark,56.15898299999999,10.182659856483497,3185,,,,182226,180980,AAR_BT_0146 3193 3185,MAJOR_ROAD,80
505,30,61,COWI,,Denmark,56.162369287665825,10.178335597553314,3157,,,,,Denmark,56.15898299999999,10.182659856483497,3185,,,,189742,188039,AAR_BT_0251 3157 3185,MAJOR_ROAD,185
630,35,65,COWI,Tilst,Denmark,56.18546282170713,10.096344851520598,4347,8381,Tilst Parkvej,11,Tilst,Denmark,56.18277313796047,10.101564720237775,4329,8381,Anelystvej,,229204,195684,AAR_BT_0380 4347 4329,MAJOR_ROAD,301
550,28,71,COWI,Hasselager,Denmark,56.10806431410453,10.114700495700845,4378,8361,Møllebakken,60,Hasselager,Denmark,56.110590119560015,10.122408752149568,4562,8361,Møllebakken,15,229427,197572,AAR_BT_0401 4378 4562,MAJOR_ROAD,322
505,30,61,COWI,,Denmark,56.171122550932225,10.201447428241636,3191,,,,,Denmark,56.17235120664372,10.209275766864721,3183,,,,182216,180844,AAR_BT_0141 3191 3183,MAJOR_ROAD,75
460,29,57,COWI,,Denmark,56.14251885276732,10.186880262565637,3150,,,,,Denmark,56.1457221852484,10.186944694442786,3197,,,,192338,190020,AAR_BT_0263 3150 3197,MAJOR_ROAD,197
740,44,61,COWI,Aarhus,Denmark,56.1417522836526,10.192723647815683,3979,8000,Søndre Ringgade,,Aarhus,Denmark,56.13959744418457,10.186632644180236,3990,8000,Marselis Boulevard,135,229619,206184,AAR_BT_0497 3979 3990,MAJOR_ROAD,418
465,32,52,COWI,Højbjerg,Denmark,56.117828971777826,10.207113017196662,4377,8270,Oddervej,51,Højbjerg,Denmark,56.11692219631463,10.202164315973278,4368,8270,Rosenvangs Alle,233,229623,206237,AAR_BT_0499 4377 4368,MAJOR_ROAD,420
540,36,54,COWI,Højbjerg,Denmark,56.11692219631463,10.202164315973278,4368,8270,Rosenvangs Alle,233,Højbjerg,Denmark,56.114487000000004,10.207854230653766,4379,8270,Oddervej,89,229627,206290,AAR_BT_0501 4368 4379,MAJOR_ROAD,422
545,37,53,COWI,Højbjerg,Denmark,56.114487000000004,10.207854230653766,4379,8270,Oddervej,89,Højbjerg,Denmark,56.11692219631463,10.202164315973278,4368,8270,Rosenvangs Alle,233,229629,206316,AAR_BT_0502 4379 4368,MAJOR_ROAD,423
1400,84,60,COWI,Aarhus,Denmark,56.169454614092764,10.11966875826647,4337,8220,Holmstrupgårdvej,28,Aarhus,Denmark,56.16459887184971,10.109984271163967,4325,8220,Edwin Rahrs Vej,73-75,229633,206369,AAR_BT_0504 4337 4325,MAJOR_ROAD,425
740,44,61,COWI,Aarhus,Denmark,56.13953206657349,10.177203408737114,3988,8000,Haveforening Af 1918,5,,Denmark,56.14251885276732,10.186880262565637,3150,,,,192356,190259,AAR_BT_0272 3988 3150,MAJOR_ROAD,206
905,45,72,COWI,Ega,Denmark,56.2107989833621,10.269519082174156,4356,8250,Mejlbyvej,4,Ega,Denmark,56.21155278296297,10.27770202943043,4353,8250,Grenåvej,,229090,192734,AAR_BT_0321 4356 4353,MAJOR_ROAD,244
1085,56,70,COWI,Aarhus,Denmark,56.17734056158762,10.138347076057471,4339,8210,Viborgvej,280,,Denmark,56.17262995803033,10.153436152114864,3159,,,,850284,194905,AAR_BT_0351 4339 3159,MAJOR_ROAD,272
570,32,64,COWI,Aarhus,Denmark,56.162574351819416,10.139154364418005,4587,8220,Edwin Rahrs Vej,6B,,Denmark,56.1601908856982,10.143257948409996,2654,,,,229198,195605,AAR_BT_0377 4587 2654,MAJOR_ROAD,298
845,47,65,COWI,Tilst,Denmark,56.18271715899992,10.101720288360639,4329,8381,Anelystvej,,Tilst,Denmark,56.182637286706964,10.113531440475526,4335,8381,Langørvej,36,229206,195711,AAR_BT_0381 4329 4335,MAJOR_ROAD,302
935,51,66,COWI,Tilst,Denmark,56.178402535294865,10.12084169080731,4336,8381,Holmstrupgårdvej,,Tilst,Denmark,56.182637286706964,10.113531440475526,4335,8381,Langørvej,36,229210,195764,AAR_BT_0383 4336 4335,MAJOR_ROAD,304
1020,61,60,COWI,Aarhus,Denmark,56.169454614092764,10.11966875826647,4337,8220,Holmstrupgårdvej,28,Aarhus,Denmark,56.16254304778694,10.125912580356612,4330,8220,Edwin Rahrs Vej,42,229635,206396,AAR_BT_0505 4337 4330,MAJOR_ROAD,426
880,45,70,COWI,Risskov,Denmark,56.20056009742038,10.241876431877131,4567,8240,Grenåvej,,Risskov,Denmark,56.19774431284465,10.228593618385275,4572,8240,Grenåvej,,192388,190691,AAR_BT_0289 4567 4572,MAJOR_ROAD,222
975,54,65,COWI,Højbjerg,Denmark,56.10480213435411,10.198804084655762,4371,8270,Bushøjvænget,111,Højbjerg,Denmark,56.09926842434083,10.209020390213027,4369,8270,Oddervej,206,229595,204193,AAR_BT_0485 4371 4369,MAJOR_ROAD,406
1000,60,60,COWI,Aarhus,Denmark,56.16254304778694,10.125912580356612,4330,8220,Edwin Rahrs Vej,42,Aarhus,Denmark,56.169454614092764,10.11966875826647,4337,8220,Holmstrupgårdvej,28,229637,206422,AAR_BT_0506 4330 4337,MAJOR_ROAD,427
1076,119,33,COWI,Aarhus,Denmark,56.13458495857738,10.189980711639464,4554,8000,Jyllands Alle,,Aarhus,Denmark,56.1417522836526,10.192723647815683,3979,8000,Søndre Ringgade,,229647,209748,AAR_BT_0511 4554 3979,MAJOR_ROAD,432
2775,109,92,COWI,Lystrup,Denmark,56.22521120818609,10.246299305557386,4327,8520,Djurslandmotorvejen,,Ega,Denmark,56.22020076302727,10.267762215938546,4352,8250,Mejlbyvej,58,229661,209933,AAR_BT_0518 4327 4352,MAJOR_ROAD,439
1870,96,70,COWI,,Denmark,56.13203209461566,10.157658842922274,2651,,,,Aarhus,Denmark,56.13953206657349,10.177203408737114,3988,8000,Haveforening Af 1918,5,189692,187377,AAR_BT_0226 2651 3988,MAJOR_ROAD,160
620,32,70,COWI,Aarhus,Denmark,56.18950967440927,10.190940219574031,4361,8200,Randersvej,210,,Denmark,56.18461478101305,10.195804343585905,3155,,,,229082,192627,AAR_BT_0315 4361 3155,MAJOR_ROAD,240
1070,58,66,COWI,,Denmark,56.16798814878688,10.151387677246134,2655,,,,Aarhus,Denmark,56.1627072781356,10.139116813491796,4587,8220,Edwin Rahrs Vej,6B,229196,195578,AAR_BT_0376 2655 4587,MAJOR_ROAD,297
645,35,66,COWI,Tilst,Denmark,56.18271715899992,10.101720288360639,4329,8381,Anelystvej,,Tilst,Denmark,56.18546282170713,10.096344851520598,4347,8381,Tilst Parkvej,11,229202,195658,AAR_BT_0379 4329 4347,MAJOR_ROAD,300
930,49,68,COWI,Aarhus,Denmark,56.15457258895634,10.072391914016862,4344,8220,Hestagervej,7,Aarhus,Denmark,56.152447520476194,10.064734635581999,3184,8220,Silkeborgvej,790,229230,197355,AAR_BT_0393 4344 3184,MAJOR_ROAD,314
3340,187,64,COWI,Hasselager,Denmark,56.10806431410453,10.114700495700845,4378,8361,Møllebakken,60,Hasselager,Denmark,56.10078220214434,10.062659148479497,4551,8361,Hovedvejen,240,229425,197544,AAR_BT_0400 4378 4551,MAJOR_ROAD,321
805,48,60,COWI,Aarhus,Denmark,56.12437832738177,10.180056017196648,4553,8260,Jyllands Alle,158,Højbjerg,Denmark,56.12994000000001,10.187329678573633,4548,8270,Jyllands Alle,114,229475,198221,AAR_BT_0425 4553 4548,MAJOR_ROAD,346
875,44,72,COWI,Ega,Denmark,56.21163929866206,10.277436490737955,4353,8250,Grenåvej,,Ega,Denmark,56.210806441766366,10.269670626983498,4356,8250,Mejlbyvej,4,229092,192760,AAR_BT_0322 4353 4356,MAJOR_ROAD,245
505,30,61,COWI,Højbjerg,Denmark,56.12994000000001,10.187329678573633,4548,8270,Jyllands Alle,114,Aarhus,Denmark,56.13458495857738,10.189980711639464,4554,8000,Jyllands Alle,,229479,198275,AAR_BT_0427 4548 4554,MAJOR_ROAD,348
500,30,60,COWI,Aarhus,Denmark,56.13458495857738,10.189857330024779,4554,8000,Jyllands Alle,,Højbjerg,Denmark,56.12994000000001,10.187329678573633,4548,8270,Jyllands Alle,114,229481,198301,AAR_BT_0428 4554 4548,MAJOR_ROAD,349
1235,89,50,COWI,Aarhus,Denmark,56.13417989322382,10.17948788343233,4556,8260,Rosenvangs Alle,27,Højbjerg,Denmark,56.12391430736949,10.185914784061424,4568,8270,Rosenvangs Alle,118,229483,198330,AAR_BT_0429 4556 4568,MAJOR_ROAD,350
1240,89,50,COWI,Højbjerg,Denmark,56.12391430736949,10.185914784061424,4568,8270,Rosenvangs Alle,118,Aarhus,Denmark,56.13417989322382,10.17948788343233,4556,8260,Rosenvangs Alle,27,229485,201183,AAR_BT_0430 4568 4556,MAJOR_ROAD,351
1325,95,50,COWI,Højbjerg,Denmark,56.12391430736949,10.185914784061424,4568,8270,Rosenvangs Alle,118,Højbjerg,Denmark,56.11692219631463,10.202164315973278,4368,8270,Rosenvangs Alle,233,229487,201211,AAR_BT_0431 4568 4368,MAJOR_ROAD,352
910,58,56,COWI,,Denmark,56.14472622987757,10.208600965029746,3190,,,,Aarhus,Denmark,56.136738858609256,10.20776318039134,4375,8000,Strandvejen,94,229491,201265,AAR_BT_0433 3190 4375,MAJOR_ROAD,354
1715,103,60,COWI,Højbjerg,Denmark,56.117828971777826,10.207113017196662,4377,8270,Oddervej,51,Aarhus,Denmark,56.13236396838821,10.211722754631069,4376,8000,Strandvejen,122,229501,201399,AAR_BT_0438 4377 4376,MAJOR_ROAD,359
385,23,60,COWI,Højbjerg,Denmark,56.117828971777826,10.207113017196662,4377,8270,Oddervej,51,Højbjerg,Denmark,56.114487000000004,10.207854230653766,4379,8270,Oddervej,89,229503,201427,AAR_BT_0439 4377 4379,MAJOR_ROAD,360
385,23,60,COWI,Højbjerg,Denmark,56.114487000000004,10.207854230653766,4379,8270,Oddervej,89,Højbjerg,Denmark,56.117828971777826,10.207113017196662,4377,8270,Oddervej,51,229505,201453,AAR_BT_0440 4379 4377,MAJOR_ROAD,361
700,36,70,COWI,,Denmark,56.15328110479527,10.110953550926183,4585,,,,,Denmark,56.15256095040008,10.123139046627102,3202,,,,183591,182875,AAR_BT_0168 4585 3202,MAJOR_ROAD,102
13080,598,79,COWI,Højbjerg,Denmark,56.09926842434083,10.209020390213027,4369,8270,Oddervej,206,Odder,Denmark,55.988031499663315,10.154807944774575,4370,8300,Århusvej,86,229515,201589,AAR_BT_0445 4369 4370,MAJOR_ROAD,366
13080,598,79,COWI,Odder,Denmark,55.988031499663315,10.154807944774575,4370,8300,Århusvej,86,Højbjerg,Denmark,56.09926842434083,10.209020390213027,4369,8270,Oddervej,206,229517,201615,AAR_BT_0446 4370 4369,MAJOR_ROAD,367
2915,138,76,COWI,Hasselager,Denmark,56.11996007421442,10.083678288360602,4549,8361,Genvejen,,Hasselager,Denmark,56.10806431410453,10.114700495700845,4378,8361,Møllebakken,60,229519,201643,AAR_BT_0447 4549 4378,MAJOR_ROAD,368
2940,138,77,COWI,Hasselager,Denmark,56.10806431410453,10.114700495700845,4378,8361,Møllebakken,60,Hasselager,Denmark,56.11996007421442,10.083678288360602,4549,8361,Genvejen,,229521,201669,AAR_BT_0448 4378 4549,MAJOR_ROAD,369
780,43,65,COWI,Aarhus,Denmark,56.125743621869944,10.15788067857352,3986,8260,Skanderborgvej,224B,Aarhus,Denmark,56.13096577062022,10.166318618385276,3987,8260,Skanderborgvej,169,186195,184595,AAR_BT_0178 3986 3987,MAJOR_ROAD,112
1130,58,70,COWI,Højbjerg,Denmark,56.108951357622736,10.182395559524593,4570,8270,Ringvej Syd,,Højbjerg,Denmark,56.10480213435411,10.198804084655762,4371,8270,Bushøjvænget,111,229451,197896,AAR_BT_0413 4570 4371,MAJOR_ROAD,334
1130,58,70,COWI,Højbjerg,Denmark,56.10480213435411,10.198804084655762,4371,8270,Bushøjvænget,111,Højbjerg,Denmark,56.108951357622736,10.182395559524593,4570,8270,Ringvej Syd,,229453,197922,AAR_BT_0414 4371 4570,MAJOR_ROAD,335
795,45,64,COWI,Aarhus,Denmark,56.11906158966682,10.143036390212956,4559,8260,Søren Lofts Vej,4,Aarhus,Denmark,56.124304277059785,10.141663381614649,4579,8260,Ravnsbjergvej,,229529,201775,AAR_BT_0452 4559 4579,MAJOR_ROAD,373
520,27,69,COWI,Aarhus,Denmark,56.11906158966682,10.143036390212956,4559,8260,Søren Lofts Vej,4,Aarhus,Denmark,56.11814500000001,10.148131067458962,4334,8260,Ringvej Syd,100,229535,201855,AAR_BT_0455 4559 4334,MAJOR_ROAD,376
555,29,69,COWI,Aarhus,Denmark,56.118198830180894,10.148353690807198,4334,8260,Ringvej Syd,100,Aarhus,Denmark,56.11919616177176,10.142859364417973,4559,8260,Søren Lofts Vej,4,229537,201881,AAR_BT_0456 4334 4559,MAJOR_ROAD,377
750,41,66,COWI,Risskov,Denmark,56.186546268439095,10.218303812914883,4582,8240,Grenåvej,125,,Denmark,56.187071255964284,10.212341355819717,2661,,,,186219,184919,AAR_BT_0190 4582 2661,MAJOR_ROAD,124
700,39,65,COWI,,Denmark,56.18696229571611,10.212459373016372,2661,,,,Risskov,Denmark,56.18655111946821,10.218124775463139,4582,8240,Grenåvej,125,186221,184945,AAR_BT_0191 2661 4582,MAJOR_ROAD,125
555,29,69,COWI,Aarhus,Denmark,56.17941549701764,10.130153804893553,4342,8210,Viborgvej,322,Aarhus,Denmark,56.17734056158762,10.138347076057471,4339,8210,Viborgvej,280,229142,193430,AAR_BT_0349 4342 4339,MAJOR_ROAD,270
555,29,69,COWI,Aarhus,Denmark,56.17741297116948,10.138403402446784,4339,8210,Viborgvej,280,Aarhus,Denmark,56.17941549701764,10.130153804893553,4342,8210,Viborgvej,322,850282,194878,AAR_BT_0350 4339 4342,MAJOR_ROAD,271
1085,56,70,COWI,,Denmark,56.17267848588397,10.153508571758266,3159,,,,Aarhus,Denmark,56.17741297116948,10.138403402446784,4339,8210,Viborgvej,280,850286,194931,AAR_BT_0352 3159 4339,MAJOR_ROAD,273
1855,96,70,COWI,Tilst,Denmark,56.16718933444926,10.093612498182324,4345,8381,Anelystvej,35,Tilst,Denmark,56.18271715899992,10.101720288360639,4329,8381,Anelystvej,,229152,194986,AAR_BT_0354 4345 4329,MAJOR_ROAD,275
1010,61,60,COWI,Tilst,Denmark,56.178402535294865,10.12084169080731,4336,8381,Holmstrupgårdvej,,Aarhus,Denmark,56.169454614092764,10.11966875826647,4337,8220,Holmstrupgårdvej,28,229154,195015,AAR_BT_0355 4336 4337,MAJOR_ROAD,276
915,50,66,COWI,Aarhus,Denmark,56.125743621869944,10.15788067857352,3986,8260,Skanderborgvej,224B,,Denmark,56.13203209461566,10.157658842922274,2651,,,,189698,187456,AAR_BT_0229 3986 2651,MAJOR_ROAD,163
1010,61,60,COWI,Aarhus,Denmark,56.169454614092764,10.11966875826647,4337,8220,Holmstrupgårdvej,28,Tilst,Denmark,56.178402535294865,10.12084169080731,4336,8381,Holmstrupgårdvej,,229156,195041,AAR_BT_0356 4337 4336,MAJOR_ROAD,277
2195,109,72,COWI,Aarhus,Denmark,56.15962240514419,10.077223474868788,2650,8220,Edwin Rahrs Vej,,Aarhus,Denmark,56.16459887184971,10.109984271163967,4325,8220,Edwin Rahrs Vej,73-75,229158,195070,AAR_BT_0357 2650 4325,MAJOR_ROAD,278
2205,109,73,COWI,Aarhus,Denmark,56.16459887184971,10.109984271163967,4325,8220,Edwin Rahrs Vej,73-75,Aarhus,Denmark,56.15966870893221,10.07716983068849,2650,8220,Edwin Rahrs Vej,,229160,195096,AAR_BT_0358 4325 2650,MAJOR_ROAD,279
825,50,59,COWI,Aarhus,Denmark,56.1627072781356,10.139116813491796,4587,8220,Edwin Rahrs Vej,6B,Aarhus,Denmark,56.16254304778694,10.125912580356612,4330,8220,Edwin Rahrs Vej,42,229168,195204,AAR_BT_0362 4587 4330,MAJOR_ROAD,283
1495,77,70,COWI,,Denmark,56.15328110479527,10.110953550926183,4585,,,,Aarhus,Denmark,56.1529230346212,10.087875116567602,4343,8220,Silkeborgvej,699,229176,195312,AAR_BT_0366 4585 4343,MAJOR_ROAD,287
780,48,59,COWI,Aarhus,Denmark,56.179322409643085,10.175338207340246,4363,8200,Paludan-Müllers Vej,231,,Denmark,56.178623267668705,10.18461071717934,2658,,,,229178,195339,AAR_BT_0367 4363 2658,MAJOR_ROAD,288
760,47,58,COWI,,Denmark,56.17871060412596,10.184485323907893,2658,,,,Aarhus,Denmark,56.179322409643085,10.175338207340246,4363,8200,Paludan-Müllers Vej,231,229180,195365,AAR_BT_0368 2658 4363,MAJOR_ROAD,289
865,52,60,COWI,Aarhus,Denmark,56.179322409643085,10.175338207340246,4363,8200,Paludan-Müllers Vej,231,,Denmark,56.17505006362324,10.171526038028787,2657,,,,229182,195392,AAR_BT_0369 4363 2657,MAJOR_ROAD,290
885,53,60,COWI,,Denmark,56.174917180024806,10.171611868717264,2657,,,,Aarhus,Denmark,56.179322409643085,10.175338207340246,4363,8200,Paludan-Müllers Vej,231,229184,195418,AAR_BT_0370 2657 4363,MAJOR_ROAD,291
510,29,63,COWI,Aarhus,Denmark,56.170886798880105,10.149547918402732,4338,8210,Jernaldervej,3,,Denmark,56.16798814878688,10.151387677246134,2655,,,,229190,195499,AAR_BT_0373 4338 2655,MAJOR_ROAD,294
535,30,64,COWI,,Denmark,56.167867187555736,10.1515794551907,2655,,,,Aarhus,Denmark,56.170886798880105,10.149547918402732,4338,8210,Jernaldervej,3,229192,195525,AAR_BT_0374 2655 4338,MAJOR_ROAD,295
1080,58,67,COWI,Aarhus,Denmark,56.162574351819416,10.139154364418005,4587,8220,Edwin Rahrs Vej,6B,,Denmark,56.167867187555736,10.1515794551907,2655,,,,229194,195552,AAR_BT_0375 4587 2655,MAJOR_ROAD,296
855,48,64,COWI,Tilst,Denmark,56.182637286706964,10.113531440475526,4335,8381,Langørvej,36,Tilst,Denmark,56.18277313796047,10.101564720237775,4329,8381,Anelystvej,,229208,195737,AAR_BT_0382 4335 4329,MAJOR_ROAD,303
910,50,66,COWI,Tilst,Denmark,56.182637286706964,10.113531440475526,4335,8381,Langørvej,36,Tilst,Denmark,56.178402535294865,10.12084169080731,4336,8381,Holmstrupgårdvej,,229212,195790,AAR_BT_0384 4335 4336,MAJOR_ROAD,305
800,44,65,COWI,Tilst,Denmark,56.178402535294865,10.12084169080731,4336,8381,Holmstrupgårdvej,,Aarhus,Denmark,56.17941549701764,10.130153804893553,4342,8210,Viborgvej,322,229214,195817,AAR_BT_0385 4336 4342,MAJOR_ROAD,306
825,46,65,COWI,Aarhus,Denmark,56.17941549701764,10.130153804893553,4342,8210,Viborgvej,322,Tilst,Denmark,56.178402535294865,10.12084169080731,4336,8381,Holmstrupgårdvej,,229216,195843,AAR_BT_0386 4342 4336,MAJOR_ROAD,307
1250,66,68,COWI,Tilst,Denmark,56.16716656043954,10.093516609210042,4345,8381,Anelystvej,35,Aarhus,Denmark,56.16459887184971,10.109984271163967,4325,8220,Edwin Rahrs Vej,73-75,229218,195870,AAR_BT_0387 4345 4325,MAJOR_ROAD,308
670,45,54,COWI,Aarhus,Denmark,56.170278565367,10.186652602364234,3982,8200,Åbogade,1A,,Denmark,56.16929516572502,10.194526468751974,3192,,,,189726,187827,AAR_BT_0243 3982 3192,MAJOR_ROAD,177
1510,68,80,COWI,Tilst,Denmark,56.16716656043954,10.093516609210042,4345,8381,Anelystvej,35,Aarhus,Denmark,56.15966870893221,10.07716983068849,2650,8220,Edwin Rahrs Vej,,229222,195923,AAR_BT_0389 4345 2650,MAJOR_ROAD,310
1570,71,80,COWI,Aarhus,Denmark,56.15962240514419,10.077223474868788,2650,8220,Edwin Rahrs Vej,,Tilst,Denmark,56.16718933444926,10.093612498182324,4345,8381,Anelystvej,35,229224,197274,AAR_BT_0390 2650 4345,MAJOR_ROAD,311
790,36,79,COWI,Aarhus,Denmark,56.15469209819657,10.072890804893518,4344,8220,Hestagervej,7,Aarhus,Denmark,56.15962240514419,10.077223474868788,2650,8220,Edwin Rahrs Vej,,229226,197302,AAR_BT_0391 4344 2650,MAJOR_ROAD,312
1015,46,79,COWI,Aarhus,Denmark,56.15966870893221,10.07716983068849,2650,8220,Edwin Rahrs Vej,,Aarhus,Denmark,56.15457258895634,10.072391914016862,4344,8220,Hestagervej,7,229228,197328,AAR_BT_0392 2650 4344,MAJOR_ROAD,313
990,49,73,COWI,Aarhus,Denmark,56.152447520476194,10.064734635581999,3184,8220,Silkeborgvej,790,Aarhus,Denmark,56.15469209819657,10.072890804893518,4344,8220,Hestagervej,7,229232,197381,AAR_BT_0394 3184 4344,MAJOR_ROAD,315
1080,54,72,COWI,Aarhus,Denmark,56.1529230346212,10.087875116567602,4343,8220,Silkeborgvej,699,Aarhus,Denmark,56.15469209819657,10.072890804893518,4344,8220,Hestagervej,7,229236,197434,AAR_BT_0396 4343 4344,MAJOR_ROAD,317
1115,50,80,COWI,Stavtrup,Denmark,56.121379546124246,10.066129804893535,4560,8260,Buggesgårdvej,45,Hasselager,Denmark,56.11996007421442,10.083678288360602,4549,8361,Genvejen,,229238,197463,AAR_BT_0397 4560 4549,MAJOR_ROAD,318
1110,51,78,COWI,Hasselager,Denmark,56.11996007421442,10.083678288360602,4549,8361,Genvejen,,Stavtrup,Denmark,56.121379546124246,10.066129804893535,4560,8260,Buggesgårdvej,45,229240,197489,AAR_BT_0398 4549 4560,MAJOR_ROAD,319
3340,187,64,COWI,Hasselager,Denmark,56.100713387988804,10.062790576721227,4551,8361,Hovedvejen,240,Hasselager,Denmark,56.10806431410453,10.114700495700845,4378,8361,Møllebakken,60,229242,197518,AAR_BT_0399 4551 4378,MAJOR_ROAD,320
550,28,71,COWI,Hasselager,Denmark,56.11067162844458,10.12228671163939,4562,8361,Møllebakken,15,Hasselager,Denmark,56.10806431410453,10.114700495700845,4378,8361,Møllebakken,60,229429,197598,AAR_BT_0402 4562 4378,MAJOR_ROAD,323
1190,61,70,COWI,Aarhus,Denmark,56.125829583613914,10.157709017196566,3986,8260,Skanderborgvej,224B,Aarhus,Denmark,56.11919616177176,10.142859364417973,4559,8260,Søren Lofts Vej,4,229437,197705,AAR_BT_0406 3986 4559,MAJOR_ROAD,327
820,48,62,COWI,Aarhus,Denmark,56.124304277059785,10.141663381614649,4579,8260,Ravnsbjergvej,,Aarhus,Denmark,56.11814500000001,10.148131067458962,4334,8260,Ringvej Syd,100,229439,197734,AAR_BT_0407 4579 4334,MAJOR_ROAD,328
820,48,62,COWI,Aarhus,Denmark,56.118198830180894,10.148353690807198,4334,8260,Ringvej Syd,100,Aarhus,Denmark,56.124304277059785,10.141663381614649,4579,8260,Ravnsbjergvej,,229441,197760,AAR_BT_0408 4334 4579,MAJOR_ROAD,329
1315,68,70,COWI,Aarhus,Denmark,56.11814500000001,10.148131067458962,4334,8260,Ringvej Syd,100,Højbjerg,Denmark,56.10986429894997,10.162728804893504,4557,8270,Ringvej Syd,,229443,197788,AAR_BT_0409 4334 4557,MAJOR_ROAD,330
1330,79,61,COWI,Tranbjerg,Denmark,56.10097260933967,10.140579996364522,4558,8310,Landevejen,,Højbjerg,Denmark,56.1102508220387,10.153714822090137,4550,8270,Christian X's Vej,,229459,198005,AAR_BT_0417 4558 4550,MAJOR_ROAD,338
1330,79,61,COWI,Højbjerg,Denmark,56.110288211786354,10.153642402446735,4550,8270,Christian X's Vej,,Tranbjerg,Denmark,56.10097260933967,10.140579996364522,4558,8310,Landevejen,,229461,198031,AAR_BT_0418 4550 4558,MAJOR_ROAD,339
530,37,52,COWI,,Denmark,56.15591411050229,10.176133542327875,3198,,,,,Denmark,56.15498346925998,10.182616305557303,3195,,,,189754,188198,AAR_BT_0257 3198 3195,MAJOR_ROAD,191
635,44,52,COWI,,Denmark,56.15498346925998,10.182616305557303,3195,,,,Odder,Denmark,56.151949698562795,10.17614185152047,3985,8300,Rypevej,11,189756,188225,AAR_BT_0258 3195 3985,MAJOR_ROAD,192
655,45,52,COWI,Odder,Denmark,56.151949698562795,10.17614185152047,3985,8300,Rypevej,11,,Denmark,56.15499691392427,10.182841611114554,3195,,,,189758,188251,AAR_BT_0259 3985 3195,MAJOR_ROAD,193
825,55,54,COWI,Odder,Denmark,56.151949698562795,10.17614185152047,3985,8300,Rypevej,11,,Denmark,56.149807565419565,10.183499758266407,3196,,,,192334,189967,AAR_BT_0261 3985 3196,MAJOR_ROAD,195
435,26,60,COWI,,Denmark,56.14563850929,10.186762304229774,3197,,,,,Denmark,56.14258759218248,10.186756880950952,3150,,,,192336,189994,AAR_BT_0262 3197 3150,MAJOR_ROAD,196
350,23,55,COWI,Aarhus,Denmark,56.161017815103236,10.21197608217426,4374,8000,Nørreport,20,,Denmark,56.161597269074186,10.215389695770227,3187,,,,192340,190047,AAR_BT_0264 4374 3187,MAJOR_ROAD,198
325,21,56,COWI,,Denmark,56.161597269074186,10.215389695770227,3187,,,,Aarhus,Denmark,56.16107681293822,10.2121812711639,4374,8000,Nørreport,20,192342,190073,AAR_BT_0265 3187 4374,MAJOR_ROAD,199
1475,104,51,COWI,,Denmark,56.14892750591274,10.209599775463175,4552,,,,Aarhus,Denmark,56.16107681293822,10.2121812711639,4374,8000,Nørreport,20,192346,190126,AAR_BT_0267 4552 4374,MAJOR_ROAD,201
735,44,60,COWI,Aarhus,Denmark,56.13959744418457,10.186632644180236,3990,8000,Marselis Boulevard,135,,Denmark,56.14251885276732,10.186880262565637,3150,,,,192348,190153,AAR_BT_0268 3990 3150,MAJOR_ROAD,202
770,46,60,COWI,,Denmark,56.14258759218248,10.186756880950952,3150,,,,Aarhus,Denmark,56.139477887997344,10.186664830688414,3990,8000,Marselis Boulevard,135,192350,190179,AAR_BT_0269 3150 3990,MAJOR_ROAD,203
505,30,61,COWI,Aarhus,Denmark,56.13959744418457,10.186632644180236,3990,8000,Marselis Boulevard,135,Aarhus,Denmark,56.13844851575673,10.179150601188667,4373,8260,Skanderborgvej,107,192352,190206,AAR_BT_0270 3990 4373,MAJOR_ROAD,204
490,29,61,COWI,Aarhus,Denmark,56.138322977998705,10.179336344162948,4373,8260,Skanderborgvej,107,Aarhus,Denmark,56.139477887997344,10.186664830688414,3990,8000,Marselis Boulevard,135,192354,190232,AAR_BT_0271 4373 3990,MAJOR_ROAD,205
3095,140,80,COWI,Skødstrup,Denmark,56.25625595964834,10.303667644180337,4341,8541,Grenåvej,,Ega,Denmark,56.230013292978384,10.293740482139583,4357,8250,Bredevej,2,192364,190367,AAR_BT_0277 4341 4357,MAJOR_ROAD,210
3095,140,80,COWI,Ega,Denmark,56.229971546821645,10.293955058860774,4357,8250,Bredevej,2,Skødstrup,Denmark,56.25625595964834,10.303667644180337,4341,8541,Grenåvej,,192366,190393,AAR_BT_0278 4357 4341,MAJOR_ROAD,211
855,51,60,COWI,,Denmark,56.16813760017301,10.20690854480938,4331,,,,Aarhus,Denmark,56.161017815103236,10.21197608217426,4374,8000,Nørreport,20,183575,182657,AAR_BT_0160 4331 4374,MAJOR_ROAD,94
845,51,60,COWI,Aarhus,Denmark,56.16107681293822,10.2121812711639,4374,8000,Nørreport,20,,Denmark,56.16816672029917,10.207060089618722,4331,,,,183577,182683,AAR_BT_0161 4374 4331,MAJOR_ROAD,95
615,35,63,COWI,,Denmark,56.169148028055325,10.161062711639374,3158,,,,,Denmark,56.17267848588397,10.153508571758266,3159,,,,183581,182738,AAR_BT_0163 3158 3159,MAJOR_ROAD,97
1160,67,62,COWI,,Denmark,56.154610138216704,10.157440224536913,3199,,,,,Denmark,56.153267352820414,10.139025504299298,3200,,,,183605,183063,AAR_BT_0175 3199 3200,MAJOR_ROAD,109
660,40,59,COWI,,Denmark,56.14258759218248,10.186756880950952,3150,,,,Aarhus,Denmark,56.13844851575673,10.179150601188667,4373,8260,Skanderborgvej,107,186205,184729,AAR_BT_0183 3150 4373,MAJOR_ROAD,117
460,24,69,COWI,,Denmark,56.1833360361296,10.200700790178303,2660,,,,,Denmark,56.184659561973874,10.19604842460626,3155,,,,186223,184972,AAR_BT_0192 2660 3155,MAJOR_ROAD,126
1000,51,71,COWI,,Denmark,56.148242094184255,10.149874309192683,2653,,,,,Denmark,56.153267352820414,10.139025504299298,3200,,,,189672,187112,AAR_BT_0216 2653 3200,MAJOR_ROAD,150
1075,63,61,COWI,Aarhus,Denmark,56.14774074192765,10.158060728836062,3984,8230,Anker Jensens Vej,12,,Denmark,56.1404960893661,10.154132957008414,2652,,,,189686,187297,AAR_BT_0223 3984 2652,MAJOR_ROAD,157
2045,105,70,COWI,,Denmark,56.1404960893661,10.154132957008414,2652,,,,Aarhus,Denmark,56.13953206657349,10.177203408737114,3988,8000,Haveforening Af 1918,5,189688,187324,AAR_BT_0224 2652 3988,MAJOR_ROAD,158
935,56,60,COWI,Aarhus,Denmark,56.176038754874654,10.201616660049467,3977,8200,Randersvej,54,,Denmark,56.16813760017301,10.20690854480938,4331,,,,981740,181305,AAR_BT_0158 3977 4331,MAJOR_ROAD,92
930,56,60,COWI,,Denmark,56.16816672029917,10.207060089618722,4331,,,,Aarhus,Denmark,56.17606861552515,10.201770887067823,3977,8200,Randersvej,54,182252,181331,AAR_BT_0159 4331 3977,MAJOR_ROAD,93
2500,94,96,COWI,Hjortshøj,Denmark,56.242032790256985,10.261365288360594,3153,8530,Mejlbyvej,285,Lystrup,Denmark,56.22537224883195,10.246154466270468,4327,8520,Djurslandmotorvejen,,229663,209960,AAR_BT_0519 3153 4327,MAJOR_ROAD,440
2110,125,61,COWI,,Denmark,56.184659561973874,10.19604842460626,3155,,,,Risskov,Denmark,56.19677547153966,10.216211542327983,4564,8240,Smedegade,10,229677,210146,AAR_BT_0528 3155 4564,MAJOR_ROAD,447
1110,56,71,COWI,Risskov,Denmark,56.20913963031665,10.246642527612721,4354,8240,Viengevej,,Risskov,Denmark,56.2026461982616,10.25068287483407,4565,8240,Grenåvej,337,229679,210173,AAR_BT_0529 4354 4565,MAJOR_ROAD,448
445,27,59,COWI,,Denmark,56.15898299999999,10.182659856483497,3185,,,,,Denmark,56.15498346925998,10.182616305557303,3195,,,,182230,181034,AAR_BT_0148 3185 3195,MAJOR_ROAD,82
445,27,59,COWI,,Denmark,56.15499691392427,10.182841611114554,3195,,,,,Denmark,56.1589844936963,10.182944170639075,3185,,,,182232,181060,AAR_BT_0149 3195 3185,MAJOR_ROAD,83
580,35,60,COWI,,Denmark,56.15498346925998,10.182616305557303,3195,,,,,Denmark,56.149807565419565,10.183499758266407,3196,,,,182234,181088,AAR_BT_0150 3195 3196,MAJOR_ROAD,84
580,35,60,COWI,,Denmark,56.14984790483175,10.183679466270405,3196,,,,,Denmark,56.15499691392427,10.182841611114554,3195,,,,182236,181114,AAR_BT_0151 3196 3195,MAJOR_ROAD,85
510,31,59,COWI,,Denmark,56.1457221852484,10.186944694442786,3197,,,,,Denmark,56.14984790483175,10.183679466270405,3196,,,,182240,181168,AAR_BT_0153 3197 3196,MAJOR_ROAD,87
510,31,59,COWI,Aarhus,Denmark,56.17606861552515,10.201770887067823,3977,8200,Randersvej,54,,Denmark,56.1803125039424,10.19893292642405,3154,,,,182248,181277,AAR_BT_0157 3977 3154,MAJOR_ROAD,91
290,17,61,COWI,,Denmark,56.17235120664372,10.209275766864721,3183,,,,,Denmark,56.17405423428392,10.213484466270415,3182,,,,182212,180790,AAR_BT_0139 3183 3182,MAJOR_ROAD,73
505,30,61,COWI,,Denmark,56.17243586196818,10.209219127208598,3183,,,,Aarhus,Denmark,56.17122707649042,10.201380373016264,3191,8000,,,182214,180818,AAR_BT_0140 3183 3191,MAJOR_ROAD,74
485,29,60,COWI,,Denmark,56.17122707649042,10.201380373016264,3191,,,,,Denmark,56.16945046812791,10.194338714120931,3192,,,,182218,180872,AAR_BT_0142 3191 3192,MAJOR_ROAD,76
480,29,60,COWI,,Denmark,56.16929516572502,10.194526468751974,3192,,,,,Denmark,56.171122550932225,10.201447428241636,3191,,,,182220,180898,AAR_BT_0143 3192 3191,MAJOR_ROAD,77
815,49,60,COWI,,Denmark,56.16945046812791,10.194338714120931,3192,,,,,Denmark,56.163969409207326,10.185844404928275,3193,,,,182222,180926,AAR_BT_0144 3192 3193,MAJOR_ROAD,78
520,31,60,COWI,,Denmark,56.149807565419565,10.183499758266407,3196,,,,,Denmark,56.14563850929,10.186762304229774,3197,,,,182238,181142,AAR_BT_0152 3196 3197,MAJOR_ROAD,86
525,29,65,COWI,,Denmark,56.18461478101305,10.195804343585905,3155,,,,,Denmark,56.18028339302693,10.198778699405693,3154,,,,182242,181197,AAR_BT_0154 3155 3154,MAJOR_ROAD,88
525,29,65,COWI,,Denmark,56.1803125039424,10.19893292642405,3154,,,,,Denmark,56.184659561973874,10.19604842460626,3155,,,,182244,181223,AAR_BT_0155 3154 3155,MAJOR_ROAD,89
510,31,59,COWI,,Denmark,56.18028339302693,10.198778699405693,3154,,,,Aarhus,Denmark,56.176038754874654,10.201616660049467,3977,8200,Randersvej,54,182246,181251,AAR_BT_0156 3154 3977,MAJOR_ROAD,90
615,35,63,COWI,,Denmark,56.17262995803033,10.153436152114864,3159,,,,,Denmark,56.169148028055325,10.161062711639374,3158,,,,183579,182712,AAR_BT_0162 3159 3158,MAJOR_ROAD,96
1365,82,60,COWI,,Denmark,56.169148028055325,10.161062711639374,3158,,,,,Denmark,56.162369287665825,10.178335597553314,3157,,,,183583,182766,AAR_BT_0164 3158 3157,MAJOR_ROAD,98
1360,82,60,COWI,,Denmark,56.162446952950255,10.17839594725615,3157,,,,,Denmark,56.169148028055325,10.161062711639374,3158,,,,183585,182792,AAR_BT_0165 3157 3158,MAJOR_ROAD,99
650,45,52,COWI,,Denmark,56.162369287665825,10.178335597553314,3157,,,,,Denmark,56.159418709313904,10.187763760747885,3156,,,,183587,182820,AAR_BT_0166 3157 3156,MAJOR_ROAD,100
700,36,70,COWI,,Denmark,56.15256095040008,10.123139046627102,3202,,,,,Denmark,56.15328110479527,10.110953550926183,4585,,,,183593,182901,AAR_BT_0169 3202 4585,MAJOR_ROAD,103
550,28,71,COWI,,Denmark,56.15256095040008,10.123139046627102,3202,,,,,Denmark,56.152757286457955,10.131331836805202,3201,,,,183595,182929,AAR_BT_0170 3202 3201,MAJOR_ROAD,104
550,28,71,COWI,,Denmark,56.152757286457955,10.131331836805202,3201,,,,,Denmark,56.15256095040008,10.123139046627102,3202,,,,183597,182955,AAR_BT_0171 3201 3202,MAJOR_ROAD,105
480,25,69,COWI,,Denmark,56.152757286457955,10.131331836805202,3201,,,,,Denmark,56.153135887760996,10.139060373016491,3200,,,,183599,182983,AAR_BT_0172 3201 3200,MAJOR_ROAD,106
480,25,69,COWI,,Denmark,56.153267352820414,10.139025504299298,3200,,,,,Denmark,56.152757286457955,10.131331836805202,3201,,,,183601,183009,AAR_BT_0173 3200 3201,MAJOR_ROAD,107
1160,78,54,COWI,,Denmark,56.154610138216704,10.157440224536913,3199,,,,,Denmark,56.15591411050229,10.176133542327875,3198,,,,183607,183091,AAR_BT_0176 3199 3198,MAJOR_ROAD,110
1165,79,53,COWI,,Denmark,56.15591411050229,10.176133542327875,3198,,,,,Denmark,56.154610138216704,10.157440224536913,3199,,,,183609,183117,AAR_BT_0177 3198 3199,MAJOR_ROAD,111
780,43,65,COWI,Aarhus,Denmark,56.131053962866226,10.166163050262412,3987,8260,Skanderborgvej,169,Aarhus,Denmark,56.125829583613914,10.157709017196566,3986,8260,Skanderborgvej,224B,186197,184621,AAR_BT_0179 3987 3986,MAJOR_ROAD,113
1155,69,60,COWI,Aarhus,Denmark,56.13096577062022,10.166318618385276,3987,8260,Skanderborgvej,169,Aarhus,Denmark,56.138322977998705,10.179336344162948,4373,8260,Skanderborgvej,107,186199,184649,AAR_BT_0180 3987 4373,MAJOR_ROAD,114
1160,70,60,COWI,Aarhus,Denmark,56.13844851575673,10.179150601188667,4373,8260,Skanderborgvej,107,Aarhus,Denmark,56.131053962866226,10.166163050262412,3987,8260,Skanderborgvej,169,186201,184675,AAR_BT_0181 4373 3987,MAJOR_ROAD,115
660,40,59,COWI,Aarhus,Denmark,56.138322977998705,10.179336344162948,4373,8260,Skanderborgvej,107,,Denmark,56.14251885276732,10.186880262565637,3150,,,,186203,184703,AAR_BT_0182 4373 3150,MAJOR_ROAD,116
1230,89,50,COWI,Odder,Denmark,56.151949698562795,10.17614185152047,3985,8300,Rypevej,11,Aarhus,Denmark,56.14774074192765,10.158060728836062,3984,8230,Anker Jensens Vej,12,186209,184784,AAR_BT_0185 3985 3984,MAJOR_ROAD,119
510,37,50,COWI,Aarhus,Denmark,56.17389164456407,10.182183959489976,3983,8200,Paludan-Müllers Vej,48,Aarhus,Denmark,56.170278565367,10.186652602364234,3982,8200,Åbogade,1A,186211,184813,AAR_BT_0186 3983 3982,MAJOR_ROAD,120
505,36,51,COWI,Aarhus,Denmark,56.170278565367,10.186652602364234,3982,8200,Åbogade,1A,Aarhus,Denmark,56.17389164456407,10.182183959489976,3983,8200,Paludan-Müllers Vej,48,186213,184839,AAR_BT_0187 3982 3983,MAJOR_ROAD,121
990,51,70,COWI,Risskov,Denmark,56.19371107014121,10.218878251485876,4581,8240,Dybbølvej,7B,,Denmark,56.187071255964284,10.212341355819717,2661,,,,186215,184866,AAR_BT_0188 4581 2661,MAJOR_ROAD,122
1010,53,69,COWI,,Denmark,56.18696229571611,10.212459373016372,2661,,,,Risskov,Denmark,56.19369241581476,10.21908612268453,4581,8240,Dybbølvej,7B,186217,184892,AAR_BT_0189 2661 4581,MAJOR_ROAD,123
1193,53,81,COWI,Hinnerup,Denmark,56.22579478256016,10.116589665412903,4322,8382,Stenhøjvej,5,Tilst,Denmark,56.21740644105506,10.10702759027481,4321,8381,Østjyske Motorvej,,173427,173011,AAR_BT_0031 4586 4364 4322 4321,MAJOR_ROAD,31
1507,60,90,COWI,Aarhus,Denmark,56.2149789163549,10.13969570304107,4364,8200,Søftenvej,,Aarhus,Denmark,56.20852026816215,10.161038385250095,4586 ,8200,Søftenvej,,173587,173118,AAR_BT_0032 4323 4364 4586,ROAD,32
1177,49,86,COWI,Aarhus,Denmark,56.21385651069573,10.144907008598352,4326,8200,15,,Aarhus,Denmark,56.20852026816215,10.161038385250095,4586 ,8200,Søftenvej,,173718,173225,AAR_BT_0033 4323 4326 4586,ROAD,33
920,41,81,COWI,Aarhus,Denmark,56.20417258212644,10.175406949737521,4350,8200,Søftenvej,,Aarhus,Denmark,56.210756242190286,10.173161614749915,4348,8200,Randersvej,,161028,158865,AAR_BT_0019 4350 4348,MAJOR_ROAD,19
1505,77,70,COWI,Aarhus,Denmark,56.2149789163549,10.13969570304107,4364,8200,Søftenvej,,Aarhus,Denmark,56.20852026816215,10.161038385250095,4349,8200,Søftenvej,,161062,158895,AAR_BT_0020 4364 4349,MAJOR_ROAD,20
1555,79,71,COWI,Aarhus,Denmark,56.20869704245814,10.161186577298167,4349,8200,Søftenvej,,Aarhus,Denmark,56.21508593264829,10.13978019262504,4364,8200,Søftenvej,,161115,158924,AAR_BT_0021 4349 4364,MAJOR_ROAD,21
3640,122,107,COWI,Aarhus,Denmark,56.21399075104399,10.145073305557275,4326,8200,15,,Tilst,Denmark,56.21740644105506,10.10702759027481,4321,8381,Østjyske Motorvej,,172116,171969,AAR_BT_0029 4326 NOT4322 4321,MAJOR_ROAD,29
1535,50,111,COWI,Aarhus,Denmark,56.21399075104399,10.145073305557275,4326,8200,15,,Tilst,Denmark,56.21740644105506,10.10702759027481,4321,8381,Østjyske Motorvej,,172904,172602,AAR_BT_0030 4586 4326 4321,ROAD,30
1010,52,70,COWI,,Denmark,56.16018043015113,10.143520804893456,2654,,,,,Denmark,56.167867187555736,10.1515794551907,2655,,,,182196,180573,AAR_BT_0131 2654 2655,MAJOR_ROAD,65
565,34,60,COWI,,Denmark,56.14563850929,10.186762304229774,3197,,,,Aarhus,Denmark,56.1417522836526,10.192723647815683,3979,8000,Søndre Ringgade,,229607,206025,AAR_BT_0491 3197 3979,MAJOR_ROAD,412
560,34,59,COWI,Aarhus,Denmark,56.141835968071454,10.192906038028696,3979,8000,Søndre Ringgade,,,Denmark,56.1457221852484,10.186944694442786,3197,,,,229609,206051,AAR_BT_0492 3979 3197,MAJOR_ROAD,413
745,46,58,COWI,Aarhus,Denmark,56.17389164456407,10.182183959489976,3983,8200,Paludan-Müllers Vej,48,,Denmark,56.178623267668705,10.18461071717934,2658,,,,186241,185210,AAR_BT_0201 3983 2658,MAJOR_ROAD,135
1495,77,70,COWI,Aarhus,Denmark,56.15286327729632,10.087895233135214,4343,8220,Silkeborgvej,699,,Denmark,56.15328110479527,10.110953550926183,4585,,,,229174,195286,AAR_BT_0365 4343 4585,MAJOR_ROAD,286
950,51,67,COWI,,Denmark,56.17312782176926,10.161757688325906,2656,,,,Aarhus,Denmark,56.170886798880105,10.149547918402732,4338,8210,Jernaldervej,3,229188,195472,AAR_BT_0372 2656 4338,MAJOR_ROAD,293
1210,64,68,COWI,Aarhus,Denmark,56.16459887184971,10.109984271163967,4325,8220,Edwin Rahrs Vej,73-75,Tilst,Denmark,56.16718933444926,10.093612498182324,4345,8381,Anelystvej,35,229220,195896,AAR_BT_0388 4325 4345,MAJOR_ROAD,309
1115,60,67,COWI,Aarhus,Denmark,56.15457258895634,10.072391914016862,4344,8220,Hestagervej,7,Aarhus,Denmark,56.15286327729632,10.087895233135214,4343,8220,Silkeborgvej,699,229234,197408,AAR_BT_0395 4344 4343,MAJOR_ROAD,316
1600,82,70,COWI,Hasselager,Denmark,56.110590119560015,10.122408752149568,4562,8361,Møllebakken,15,Aarhus,Denmark,56.11906158966682,10.143036390212956,4559,8260,Søren Lofts Vej,4,229431,197626,AAR_BT_0403 4562 4559,MAJOR_ROAD,324
685,41,60,COWI,,Denmark,56.16816672029917,10.207060089618722,4331,,,,,Denmark,56.17235120664372,10.209275766864721,3183,,,,189714,187668,AAR_BT_0237 4331 3183,MAJOR_ROAD,171
605,34,64,COWI,,Denmark,56.16018043015113,10.143520804893456,2654,,,,Aarhus,Denmark,56.1627072781356,10.139116813491796,4587,8220,Edwin Rahrs Vej,6B,229200,195631,AAR_BT_0378 2654 4587,MAJOR_ROAD,299
1125,57,71,COWI,Risskov,Denmark,56.20251117218925,10.250786139881143,4565,8240,Grenåvej,337,Risskov,Denmark,56.20913963031665,10.246642527612721,4354,8240,Viengevej,,229681,210199,AAR_BT_0530 4565 4354,MAJOR_ROAD,449
985,51,70,COWI,,Denmark,56.153135887760996,10.139060373016491,3200,,,,,Denmark,56.148158423711955,10.149694601188685,2653,,,,189674,187138,AAR_BT_0217 3200 2653,MAJOR_ROAD,151
1110,76,53,COWI,Ega,Denmark,56.210806441766366,10.269670626983498,4356,8250,Mejlbyvej,4,Ega,Denmark,56.22020076302727,10.267762215938546,4352,8250,Mejlbyvej,58,192402,190879,AAR_BT_0296 4356 4352,MAJOR_ROAD,229
455,33,50,COWI,,Denmark,56.14472622987757,10.208600965029746,3190,,,,Aarhus,Denmark,56.14184292295903,10.204335439147826,4367,8000,Marselis Boulevard,,229639,206449,AAR_BT_0507 3190 4367,MAJOR_ROAD,428
480,35,49,COWI,Aarhus,Denmark,56.14171141881423,10.204415905418273,4367,8000,Marselis Boulevard,,,Denmark,56.144719132186395,10.20872971106246,3190,,,,229641,206475,AAR_BT_0508 4367 3190,MAJOR_ROAD,429
1335,147,33,COWI,,Denmark,56.14563850929,10.186762304229774,3197,,,,Aarhus,Denmark,56.13458495857738,10.189857330024779,4554,8000,Jyllands Alle,,229643,206502,AAR_BT_0509 3197 4554,MAJOR_ROAD,430
1357,163,30,COWI,Aarhus,Denmark,56.13458495857738,10.189980711639464,4554,8000,Jyllands Alle,,,Denmark,56.1457221852484,10.186944694442786,3197,,,,229645,209721,AAR_BT_0510 4554 3197,MAJOR_ROAD,431
910,58,56,COWI,Aarhus,Denmark,56.136738858609256,10.20776318039134,4375,8000,Strandvejen,94,,Denmark,56.144719132186395,10.20872971106246,3190,,,,229493,201291,AAR_BT_0434 4375 3190,MAJOR_ROAD,355
815,45,65,COWI,Aarhus,Denmark,56.131053962866226,10.166163050262412,3987,8260,Skanderborgvej,169,,Denmark,56.13203209461566,10.157658842922274,2651,,,,189702,187509,AAR_BT_0231 3987 2651,MAJOR_ROAD,165
1170,70,60,COWI,,Denmark,56.18290049276627,10.21780255092608,3181,,,,,Denmark,56.17405423428392,10.213484466270415,3182,,,,189704,187536,AAR_BT_0232 3181 3182,MAJOR_ROAD,166
1180,71,60,COWI,,Denmark,56.17405423428392,10.213484466270415,3182,,,,,Denmark,56.18290049276627,10.217978235616556,3181,,,,189706,187562,AAR_BT_0233 3182 3181,MAJOR_ROAD,167
710,43,59,COWI,,Denmark,56.17243586196818,10.209219127208598,3183,,,,,Denmark,56.16813760017301,10.20690854480938,4331,,,,189712,187642,AAR_BT_0236 3183 4331,MAJOR_ROAD,170
1105,127,31,COWI,Aarhus,Denmark,56.141835968071454,10.192906038028696,3979,8000,Søndre Ringgade,,Aarhus,Denmark,56.13458495857738,10.189857330024779,4554,8000,Jyllands Alle,,229649,209774,AAR_BT_0512 3979 4554,MAJOR_ROAD,433
770,46,60,COWI,Aarhus,Denmark,56.13241046310714,10.174677478504236,4566,8260,Christian X's Vej,35,Aarhus,Denmark,56.138322977998705,10.179336344162948,4373,8260,Skanderborgvej,107,229651,209801,AAR_BT_0513 4566 4373,MAJOR_ROAD,434
820,55,54,COWI,Aarhus,Denmark,56.13844851575673,10.179150601188667,4373,8260,Skanderborgvej,107,Aarhus,Denmark,56.13241046310714,10.174677478504236,4566,8260,Christian X's Vej,35,229653,209827,AAR_BT_0514 4373 4566,MAJOR_ROAD,435
1360,63,78,COWI,Lystrup,Denmark,56.21728389714838,10.233619432540877,4346,8520,Lystrupvej,201,Lystrup,Denmark,56.22521120818609,10.246299305557386,4327,8520,Djurslandmotorvejen,,229655,209854,AAR_BT_0515 4346 4327,MAJOR_ROAD,436
1595,78,74,COWI,Lystrup,Denmark,56.22537224883195,10.246154466270468,4327,8520,Djurslandmotorvejen,,Lystrup,Denmark,56.21728389714838,10.233619432540877,4346,8520,Lystrupvej,201,229657,209880,AAR_BT_0516 4327 4346,MAJOR_ROAD,437
2490,114,79,COWI,Ega,Denmark,56.22020076302727,10.267762215938546,4352,8250,Mejlbyvej,58,Hjortshøj,Denmark,56.242053656769514,10.261464530094145,3153,8530,Mejlbyvej,285,192398,190825,AAR_BT_0294 4352 3153,MAJOR_ROAD,227
2615,100,94,COWI,Lystrup,Denmark,56.22521120818609,10.246299305557386,4327,8520,Djurslandmotorvejen,,Hjortshøj,Denmark,56.242053656769514,10.261464530094145,3153,8530,Mejlbyvej,285,229665,209986,AAR_BT_0520 4327 3153,MAJOR_ROAD,441
2920,166,63,COWI,Risskov,Denmark,56.196878435033454,10.216251775463206,4564,8240,Smedegade,10,Aarhus,Denmark,56.20417258212644,10.175406949737521,4350,8200,Søftenvej,,229667,210013,AAR_BT_0521 4564 4350,MAJOR_ROAD,442
2420,144,61,COWI,Aarhus,Denmark,56.19922307868954,10.182444749668093,4362,8200,Randersvej,,Risskov,Denmark,56.19677547153966,10.216211542327983,4564,8240,Smedegade,10,229669,210040,AAR_BT_0524 4362 4564,MAJOR_ROAD,443
2265,133,61,COWI,Risskov,Denmark,56.196878435033454,10.216251775463206,4564,8240,Smedegade,10,Aarhus,Denmark,56.18958131478287,10.191119927578029,4361,8200,Randersvej,210,229671,210067,AAR_BT_0525 4564 4361,MAJOR_ROAD,444
2275,133,62,COWI,Aarhus,Denmark,56.18950967440927,10.190940219574031,4361,8200,Randersvej,210,Risskov,Denmark,56.19677547153966,10.216211542327983,4564,8240,Smedegade,10,229673,210093,AAR_BT_0526 4361 4564,MAJOR_ROAD,445
2140,126,61,COWI,Risskov,Denmark,56.196878435033454,10.216251775463206,4564,8240,Smedegade,10,,Denmark,56.18461478101305,10.195804343585905,3155,,,,229675,210120,AAR_BT_0527 4564 3155,MAJOR_ROAD,446
1015,61,60,COWI,Aarhus,Denmark,56.16459887184971,10.109984271163967,4325,8220,Edwin Rahrs Vej,73-75,Aarhus,Denmark,56.16254304778694,10.125912580356612,4330,8220,Edwin Rahrs Vej,42,229162,195124,AAR_BT_0359 4325 4330,MAJOR_ROAD,280
1015,61,60,COWI,Aarhus,Denmark,56.16254304778694,10.125912580356612,4330,8220,Edwin Rahrs Vej,42,Aarhus,Denmark,56.16459887184971,10.109984271163967,4325,8220,Edwin Rahrs Vej,73-75,229164,195150,AAR_BT_0360 4330 4325,MAJOR_ROAD,281
825,50,59,COWI,Aarhus,Denmark,56.16254304778694,10.125912580356612,4330,8220,Edwin Rahrs Vej,42,Aarhus,Denmark,56.162574351819416,10.139154364418005,4587,8220,Edwin Rahrs Vej,6B,229166,195178,AAR_BT_0361 4330 4587,MAJOR_ROAD,282
1445,79,66,COWI,Aarhus,Denmark,56.124304277059785,10.141663381614649,4579,8260,Ravnsbjergvej,,Aarhus,Denmark,56.125743621869944,10.15788067857352,3986,8260,Skanderborgvej,224B,229531,201802,AAR_BT_0453 4579 3986,MAJOR_ROAD,374
1415,77,66,COWI,Aarhus,Denmark,56.125829583613914,10.157709017196566,3986,8260,Skanderborgvej,224B,Aarhus,Denmark,56.124304277059785,10.141663381614649,4579,8260,Ravnsbjergvej,,229533,201828,AAR_BT_0454 3986 4579,MAJOR_ROAD,375
3075,122,91,COWI,Ega,Denmark,56.22020076302727,10.267762215938546,4352,8250,Mejlbyvej,58,Lystrup,Denmark,56.22537224883195,10.246154466270468,4327,8520,Djurslandmotorvejen,,229659,209907,AAR_BT_0517 4352 4327,MAJOR_ROAD,438
